type_shoes,price,address,image_link
Chaussures Nike,7 500CFA,"Treichville, Abidjan, Côte d'Ivoire",https://images.coinafrique.com/thumb_1085443_uploaded_image1_1571545234.2.png
Chaussures bébés,4 000CFA,"Cocody, Abidjan, Côte d'Ivoire",https://images.coinafrique.com/thumb_1080162_uploaded_image1_1571406621.16.png
Chaussures,8 000CFA,"Yopougon, Abidjan, Côte d'Ivoire",https://images.coinafrique.com/thumb_1079284_uploaded_image1_1571395937.86.png
Chaussures pour enfants,4 000CFA,"Adjamé, Abidjan, Côte d'Ivoire",https://images.coinafrique.com/thumb_1069992_uploaded_image1_1571217832.39.png
Chaussures pour enfant,2 000CFA,"Port-Bouet, Abidjan, Côte d'Ivoire",https://images.coinafrique.com/thumb_1039882_uploaded_image1_1570558859.4.png
Chaussures pour enfant,2 000CFA,"Port-Bouet, Abidjan, Côte d'Ivoire",https://images.coinafrique.com/thumb_1039874_uploaded_image1_1570558771.5.png
Chaussures pour fille,8 500CFA,"Cocody, Abidjan, Côte d'Ivoire",https://images.coinafrique.com/thumb_1036214_uploaded_image1_1570490583.73.png
Chaussures pour petite fille,10 000CFA,"Dabou, Côte d'Ivoire",https://images.coinafrique.com/thumb_1016453_uploaded_image1_1570050518.51.png
Chaussures Enfants,7 000CFA,"Adjamé, Abidjan, Côte d'Ivoire",https://images.coinafrique.com/thumb_1016329_uploaded_image1_1570048288.59.png
Ballerines d'enfants,6 500CFA,"Cocody, Abidjan, Côte d'Ivoire",https://images.coinafrique.com/thumb_992634_uploaded_image1_1569517467.36.png
Chaussures pour fille,25 000CFA,"Cocody, Abidjan, Côte d'Ivoire",https://images.coinafrique.com/thumb_989175_uploaded_image1_1569447095.5.png
Chaussures filles,5 000CFA,"Yamoussoukro, Yamoussoukro, Côte d'Ivoire",https://images.coinafrique.com/thumb_958537_uploaded_image1_1568806245.93.png
Chaussures Hello Kitty - 3 mois - roses,3 500CFA,Côte d'Ivoire,https://images.coinafrique.com/thumb_956761_uploaded_image1_1568755457.95.png
Chaussures enfants,2 000CFA,"Attécoubé, Abidjan, Côte d'Ivoire",https://images.coinafrique.com/thumb_952383_uploaded_image1_1568670966.9.png
Chaussures garçons,3 000CFA,"Attécoubé, Abidjan, Côte d'Ivoire",https://images.coinafrique.com/thumb_952379_uploaded_image1_1568670874.2.png
Chaussures pour petit garçon,Prix sur demande,"Attécoubé, Abidjan, Côte d'Ivoire",https://images.coinafrique.com/thumb_952375_uploaded_image1_1568670731.27.png
Chaussures Nike Air 720 enfant,20 000CFA,"Abobo, Abidjan, Côte d'Ivoire",https://images.coinafrique.com/thumb_946077_uploaded_image1_1568531526.69.png
Air 720 enfant,20 000CFA,"Abobo, Abidjan, Côte d'Ivoire",https://images.coinafrique.com/thumb_946072_uploaded_image1_1568531439.5.png
Tennis Air 720 pour enfants,20 000CFA,"Abobo, Abidjan, Côte d'Ivoire",https://images.coinafrique.com/thumb_946070_uploaded_image1_1568531396.7.png
Baskets Nike,20 000CFA,"Abobo, Abidjan, Côte d'Ivoire",https://images.coinafrique.com/thumb_946063_uploaded_image1_1568531281.58.png
Sandales enfant,2 500CFA,"Cocody, Abidjan, Côte d'Ivoire",https://images.coinafrique.com/thumb_932463_uploaded_image1_1568202267.4.png
Chaussures d'écoles,2 500CFA,"Koumassi, Abidjan, Côte d'Ivoire",https://images.coinafrique.com/thumb_926998_uploaded_image1_1568072366.49.png
Baskets enfant,17 000CFA,Côte d'Ivoire,https://images.coinafrique.com/thumb_917628_uploaded_image1_1567794005.2.png
Baskets classes pour enfant,7 800CFA,Côte d'Ivoire,https://images.coinafrique.com/thumb_906293_uploaded_image1_1567547477.61.png
Baskets classe pour bébé,7 800CFA,Côte d'Ivoire,https://images.coinafrique.com/thumb_905964_uploaded_image1_1567539387.24.png
Chaussures baladeuses,7 000CFA,"Abobo, Abidjan, Côte d'Ivoire",https://images.coinafrique.com/thumb_889111_uploaded_image1_1567082022.49.png
Chaussures Vans,15 000CFA,"Cocody, Abidjan, Côte d'Ivoire",https://images.coinafrique.com/thumb_878956_uploaded_image1_1566844894.33.png
Chaussures enfant,5 000CFA,"Cocody, Abidjan, Côte d'Ivoire",https://images.coinafrique.com/thumb_850658_uploaded_image1_1566120082.05.png
Chaussures importées - enfant,8 000CFA,"Cocody, Abidjan, Côte d'Ivoire",https://images.coinafrique.com/thumb_848563_uploaded_image1_1566044347.11.png
Chaussures classes,8 000CFA,"Cocody, Abidjan, Côte d'Ivoire",https://images.coinafrique.com/thumb_848564_uploaded_image1_1566044543.75.png
Baskets enfant,8 000CFA,"Cocody, Abidjan, Côte d'Ivoire",https://images.coinafrique.com/thumb_848565_uploaded_image1_1566044349.71.png
Chaussures Enfant,8 000CFA,"Abobo, Abidjan, Côte d'Ivoire",https://images.coinafrique.com/thumb_809086_uploaded_image1_1564861549.0.png
Nike Huarache pour enfants,15 000CFA,"Abobo, Abidjan, Côte d'Ivoire",https://images.coinafrique.com/thumb_807883_uploaded_image1_1564831333.91.png
Chaussures Huarache,15 000CFA,"Abobo, Abidjan, Côte d'Ivoire",https://images.coinafrique.com/thumb_807225_uploaded_image1_1564811976.94.png
Chaussures Nike Tn 2019,17 000CFA,"Cocody, Abidjan, Côte d'Ivoire",https://images.coinafrique.com/thumb_806208_uploaded_image1_1564766268.73.png
Chaussures de qualité,25 000CFA,Côte d'Ivoire,https://images.coinafrique.com/thumb_789958_uploaded_image1_1564337077.52.png
Chaussures fashion pour fille,22 000CFA,Côte d'Ivoire,https://images.coinafrique.com/thumb_785750_uploaded_image1_1564177393.53.png
Chaussures enfant,20 000CFA,Côte d'Ivoire,https://images.coinafrique.com/thumb_760552_uploaded_image1_1563526686.15.png
Chaussures Winnie the booth,13 000CFA,"Yopougon, Abidjan, Côte d'Ivoire",https://images.coinafrique.com/thumb_732639_uploaded_image1_1562785206.36.png
Chaussures Zy Kids,13 000CFA,"Yopougon, Abidjan, Côte d'Ivoire",https://images.coinafrique.com/thumb_732633_uploaded_image1_1562785094.8.png
Chaussures pour enfants,12 000CFA,"Koumassi, Abidjan, Côte d'Ivoire",https://images.coinafrique.com/thumb_1618676_uploaded_image1_1581206192.0.png
Chaussures enfant,5 000CFA,"Koumassi, Abidjan, Côte d'Ivoire",https://images.coinafrique.com/thumb_1586000_uploaded_image1_1580732419.67.png
Chaussures enfant,5 000CFA,"Koumassi, Abidjan, Côte d'Ivoire",https://images.coinafrique.com/thumb_1585914_uploaded_image1_1580731711.42.png
Kito,12 000CFA,"Adjamé, Abidjan, Côte d'Ivoire",https://images.coinafrique.com/thumb_1512359_uploaded_image1_1579579323.93.png
Chaussures enfant,3 000CFA,"Koumassi, Abidjan, Côte d'Ivoire",https://images.coinafrique.com/thumb_1511833_uploaded_image1_1579558700.13.png
Chaussures enfant,3 000CFA,"Koumassi, Abidjan, Côte d'Ivoire",https://images.coinafrique.com/thumb_1511830_uploaded_image1_1579558573.88.png
Chaussures enfants,3 000CFA,"Koumassi, Abidjan, Côte d'Ivoire",https://images.coinafrique.com/thumb_1511829_uploaded_image2_1579558573.28.png
Chaussures enfant,3 000CFA,"Koumassi, Abidjan, Côte d'Ivoire",https://images.coinafrique.com/thumb_1511826_uploaded_image1_1579558497.32.png
Chaussures enfant,3 000CFA,"Koumassi, Abidjan, Côte d'Ivoire",https://images.coinafrique.com/thumb_1511823_uploaded_image1_1579558444.32.png
Chaussures enfant,3 000CFA,"Koumassi, Abidjan, Côte d'Ivoire",https://images.coinafrique.com/thumb_1511821_uploaded_image1_1579558396.94.png
Chaussures enfant,3 000CFA,"Koumassi, Abidjan, Côte d'Ivoire",https://images.coinafrique.com/thumb_1511818_uploaded_image1_1579558331.82.png
Chaussures enfant,3 000CFA,"Koumassi, Abidjan, Côte d'Ivoire",https://images.coinafrique.com/thumb_1511816_uploaded_image1_1579558275.95.png
Chaussures enfant,3 000CFA,"Koumassi, Abidjan, Côte d'Ivoire",https://images.coinafrique.com/thumb_1511814_uploaded_image1_1579558224.95.png
Chaussures enfant,3 000CFA,"Koumassi, Abidjan, Côte d'Ivoire",https://images.coinafrique.com/thumb_1511811_uploaded_image1_1579558154.5.png
Chaussures Enfant,11 000CFA,"Cocody, Abidjan, Côte d'Ivoire",https://images.coinafrique.com/thumb_1511778_uploaded_image1_1579557587.72.png
Chaussures enfants,16 000CFA,"Port-Bouet, Abidjan, Côte d'Ivoire",https://images.coinafrique.com/thumb_1448407_uploaded_image1_1578503251.94.png
Chaussures enfant,10 000CFA,"Treichville, Abidjan, Côte d'Ivoire",https://images.coinafrique.com/thumb_1413403_uploaded_image1_1577803440.88.png
Mocassins enfant,12 000CFA,"Abidjan, Côte d'Ivoire",https://images.coinafrique.com/thumb_1397249_uploaded_image1_1577462109.52.png
Chaussures enfant,5 000CFA,"Cocody, Abidjan, Côte d'Ivoire",https://images.coinafrique.com/thumb_1344734_uploaded_image1_1576433290.47.png
Chaussures enfant,12 000CFA,"Adjamé, Abidjan, Côte d'Ivoire",https://images.coinafrique.com/thumb_1339730_uploaded_image1_1576322342.66.png
Chaussures enfants,14 000CFA,"Adjamé, Abidjan, Côte d'Ivoire",https://images.coinafrique.com/thumb_1339721_uploaded_image1_1576322240.65.png
Chaussures enfants,12 000CFA,"Adjamé, Abidjan, Côte d'Ivoire",https://images.coinafrique.com/thumb_1339714_uploaded_image1_1576322226.82.png
Chaussures enfant,12 000CFA,"Adjamé, Abidjan, Côte d'Ivoire",https://images.coinafrique.com/thumb_1339707_uploaded_image1_1576322034.91.png
Chaussures enfant,12 000CFA,"Yopougon, Abidjan, Côte d'Ivoire",https://images.coinafrique.com/thumb_1339699_uploaded_image1_1576321978.59.png
Chaussures enfants,12 000CFA,"Yopougon, Abidjan, Côte d'Ivoire",https://images.coinafrique.com/thumb_1339692_uploaded_image1_1576321891.98.png
Chaussures enfant,2 800CFA,"Koumassi, Abidjan, Côte d'Ivoire",https://images.coinafrique.com/thumb_1338999_uploaded_image1_1576310593.04.png
Chaussures enfant,11 000CFA,"Adjamé, Abidjan, Côte d'Ivoire",https://images.coinafrique.com/thumb_1334695_uploaded_image1_1576232786.39.png
Chaussures enfants,8 000CFA,"Treichville, Abidjan, Côte d'Ivoire",https://images.coinafrique.com/thumb_1333501_uploaded_image1_1576219185.59.png
Chaussures pour fillettes,8 000CFA,"Treichville, Abidjan, Côte d'Ivoire",https://images.coinafrique.com/thumb_1333498_uploaded_image1_1576219122.94.png
Chaussures enfant,8 000CFA,"Treichville, Abidjan, Côte d'Ivoire",https://images.coinafrique.com/thumb_1333491_uploaded_image1_1576218959.82.png
Baskets pour enfant,9 000CFA,"Adjamé, Abidjan, Côte d'Ivoire",https://images.coinafrique.com/thumb_1331081_uploaded_image1_1576160907.38.png
Chaussures enfants,15 000CFA,"Cocody, Abidjan, Côte d'Ivoire",https://images.coinafrique.com/thumb_1322345_uploaded_image1_1576000193.8.png
Chaussures enfant,9 000CFA,"Cocody, Abidjan, Côte d'Ivoire",https://images.coinafrique.com/thumb_1316847_uploaded_image1_1575910203.55.png
Baskets,15 000CFA,"Adjamé, Abidjan, Côte d'Ivoire",https://images.coinafrique.com/thumb_1315396_uploaded_image1_1575892319.78.png
Baskets Nike,15 000CFA,"Adjamé, Abidjan, Côte d'Ivoire",https://images.coinafrique.com/thumb_1315371_uploaded_image1_1575891941.88.png
Chaussures enfants,10 000CFA,"Adjamé, Abidjan, Côte d'Ivoire",https://images.coinafrique.com/thumb_1301373_uploaded_image1_1575593826.19.png
Baskets pour enfants,10 000CFA,"Adjamé, Abidjan, Côte d'Ivoire",https://images.coinafrique.com/thumb_1301372_uploaded_image1_1575593800.55.png
Chaussures enfants,10 000CFA,"Adjamé, Abidjan, Côte d'Ivoire",https://images.coinafrique.com/thumb_1301371_uploaded_image1_1575593770.54.png
Chaussures enfant,10 000CFA,"Adjamé, Abidjan, Côte d'Ivoire",https://images.coinafrique.com/thumb_1301370_uploaded_image1_1575593731.21.png
Chaussures enfant,13 000CFA,"Koumassi, Abidjan, Côte d'Ivoire",https://images.coinafrique.com/thumb_1276880_uploaded_image1_1575146620.8.png
Chaussures enfant,13 000CFA,"Koumassi, Abidjan, Côte d'Ivoire",https://images.coinafrique.com/thumb_1276876_uploaded_image1_1575146535.95.png
Chaussures enfant,13 000CFA,"Koumassi, Abidjan, Côte d'Ivoire",https://images.coinafrique.com/thumb_1276870_uploaded_image1_1575146426.06.png
Chaussures Kito pour fille,13 000CFA,"Koumassi, Abidjan, Côte d'Ivoire",https://images.coinafrique.com/thumb_1276859_uploaded_image1_1575146156.05.png
Chaussures bébé,8 000CFA,"Koumassi, Abidjan, Côte d'Ivoire",https://images.coinafrique.com/thumb_1271344_uploaded_image1_1575046361.55.png
Chaussures bébé,5 000CFA,"Koumassi, Abidjan, Côte d'Ivoire",https://images.coinafrique.com/thumb_1271327_uploaded_image1_1575046215.4.png
Chaussures bébé,5 000CFA,"Koumassi, Abidjan, Côte d'Ivoire",https://images.coinafrique.com/thumb_1271316_uploaded_image1_1575046124.65.png
Chaussures bébé,5 000CFA,"Koumassi, Abidjan, Côte d'Ivoire",https://images.coinafrique.com/thumb_1271303_uploaded_image1_1575046003.77.png
Chaussures bébé,5 000CFA,"Koumassi, Abidjan, Côte d'Ivoire",https://images.coinafrique.com/thumb_1271263_uploaded_image1_1575045414.46.png
Chaussures enfant treillis,17 000CFA,"Koumassi, Abidjan, Côte d'Ivoire",https://images.coinafrique.com/thumb_1271245_uploaded_image1_1575045125.86.png
Chaussures lumineuses enfant,17 000CFA,"Koumassi, Abidjan, Côte d'Ivoire",https://images.coinafrique.com/thumb_1271196_uploaded_image1_1575044645.1.png
Chaussures pour enfant,5 000CFA,"Cocody, Abidjan, Côte d'Ivoire",https://images.coinafrique.com/thumb_1258548_uploaded_image1_1574842266.27.png
Chaussures,Prix sur demande,"Cocody, Abidjan, Côte d'Ivoire",https://images.coinafrique.com/thumb_1253942_uploaded_image1_1574754418.1.png
Chaussures,Prix sur demande,"Cocody, Abidjan, Côte d'Ivoire",https://images.coinafrique.com/thumb_1253938_uploaded_image1_1574754371.18.png
Chaussures,Prix sur demande,"Cocody, Abidjan, Côte d'Ivoire",https://images.coinafrique.com/thumb_1253934_uploaded_image1_1574754332.53.png
Chaussures,Prix sur demande,"Cocody, Abidjan, Côte d'Ivoire",https://images.coinafrique.com/thumb_1253916_uploaded_image1_1574754216.28.png
Chaussures enfant,Prix sur demande,"Cocody, Abidjan, Côte d'Ivoire",https://images.coinafrique.com/thumb_1253911_uploaded_image1_1574754172.83.png
Chaussures disponibles,Prix sur demande,"Cocody, Abidjan, Côte d'Ivoire",https://images.coinafrique.com/thumb_1253905_uploaded_image1_1574754096.13.png
Chaussures,Prix sur demande,"Cocody, Abidjan, Côte d'Ivoire",https://images.coinafrique.com/thumb_1253900_uploaded_image1_1574754055.58.png
Chaussures enfant,10 000CFA,"Koumassi, Abidjan, Côte d'Ivoire",https://images.coinafrique.com/thumb_1250541_uploaded_image1_1574686627.04.png
Chaussures Tod's pour enfant,6 000CFA,"Abidjan, Côte d'Ivoire",https://images.coinafrique.com/thumb_1239489_uploaded_image1_1574453297.97.png
Chaussures Kito,13 000CFA,"Koumassi, Abidjan, Côte d'Ivoire",https://images.coinafrique.com/thumb_1237671_uploaded_image1_1574426385.48.png
Chaussures Kito,13 000CFA,"Koumassi, Abidjan, Côte d'Ivoire",https://images.coinafrique.com/thumb_1237661_uploaded_image1_1574426292.09.png
Chaussures Kito enfant,13 000CFA,"Koumassi, Abidjan, Côte d'Ivoire",https://images.coinafrique.com/thumb_1237651_uploaded_image1_1574426171.61.png
Chaussures Treillis,17 000CFA,"Koumassi, Abidjan, Côte d'Ivoire",https://images.coinafrique.com/thumb_1201271_uploaded_image1_1573771787.46.png
Baskets femme,12 000CFA,"Yopougon, Abidjan, Côte d'Ivoire",https://images.coinafrique.com/thumb_1190976_uploaded_image1_1573602768.71.png
Chaussures enfant,10 000CFA,"Koumassi, Abidjan, Côte d'Ivoire",https://images.coinafrique.com/thumb_1182610_uploaded_image1_1573467433.76.png
Chaussures bébé,4 000CFA,"Cocody, Abidjan, Côte d'Ivoire",https://images.coinafrique.com/thumb_1141032_uploaded_image1_1572617107.31.png
Chaussures bébé en laine,3 500CFA,"Yopougon, Abidjan, Côte d'Ivoire",https://images.coinafrique.com/thumb_1133599_uploaded_image1_1572463281.23.png
Chaussures enfant,Prix sur demande,"Cocody, Abidjan, Côte d'Ivoire",https://images.coinafrique.com/thumb_1116306_uploaded_image1_1572138154.97.png
Chaussures enfant,Prix sur demande,"Cocody, Abidjan, Côte d'Ivoire",https://images.coinafrique.com/thumb_1116301_uploaded_image1_1572137955.41.png
Baskets enfant,Prix sur demande,"Cocody, Abidjan, Côte d'Ivoire",https://images.coinafrique.com/thumb_1116299_uploaded_image1_1572137655.24.png
Chaussures pour princesse,13 000CFA,"Koumassi, Abidjan, Côte d'Ivoire",https://images.coinafrique.com/thumb_1088436_uploaded_image1_1571615114.34.png
Chaussures Kito,13 000CFA,"Koumassi, Abidjan, Côte d'Ivoire",https://images.coinafrique.com/thumb_1088430_uploaded_image1_1571614951.6.png
Chaussures Kito,13 000CFA,"Koumassi, Abidjan, Côte d'Ivoire",https://images.coinafrique.com/thumb_1088427_uploaded_image1_1571614825.97.png
Chaussures George,9 000CFA,"Yopougon, Abidjan, Côte d'Ivoire",https://images.coinafrique.com/thumb_1086110_uploaded_image1_1571567127.59.png
Chaussures Smartfit,6 000CFA,"Yopougon, Abidjan, Côte d'Ivoire",https://images.coinafrique.com/thumb_1086097_uploaded_image1_1571566943.75.png
Chaussures George,8 000CFA,"Yopougon, Abidjan, Côte d'Ivoire",https://images.coinafrique.com/thumb_1086073_uploaded_image1_1571566535.55.png
Chaussures plates,9 000CFA,"Yopougon, Abidjan, Côte d'Ivoire",https://images.coinafrique.com/thumb_1086060_uploaded_image1_1571566342.01.png
Chaussures Lonsdale,6 500CFA,"Treichville, Abidjan, Côte d'Ivoire",https://images.coinafrique.com/thumb_1085485_uploaded_image1_1571548869.0.png
Chaussures Londsale,6 500CFA,"Treichville, Abidjan, Côte d'Ivoire",https://images.coinafrique.com/thumb_1085484_uploaded_image1_1571548744.67.png
Chaussures Enfants,6 500CFA,"Treichville, Abidjan, Côte d'Ivoire",https://images.coinafrique.com/thumb_1085482_uploaded_image1_1571548597.08.png
Chaussures enfants,6 500CFA,"Treichville, Abidjan, Côte d'Ivoire",https://images.coinafrique.com/thumb_1085481_uploaded_image1_1571548427.66.png
Baskets Adidas,6 500CFA,"Treichville, Abidjan, Côte d'Ivoire",https://images.coinafrique.com/thumb_1085479_uploaded_image1_1571548126.46.png
Baskets enfant,6 500CFA,"Treichville, Abidjan, Côte d'Ivoire",https://images.coinafrique.com/thumb_1085475_uploaded_image1_1571547734.78.png
Chaussures enfants,12 000CFA,"Cocody, Abidjan, Côte d'Ivoire",https://images.coinafrique.com/thumb_2589346_uploaded_image1_1598899188.jpg
Baskets Jordan,18 000CFA,"Abidjan, Côte d'Ivoire",https://images.coinafrique.com/thumb_2580305_uploaded_image1_1598538247.jpg
Baskets Nike Air Max 720,17 000CFA,"Abidjan, Côte d'Ivoire",https://images.coinafrique.com/thumb_2577211_uploaded_image1_1598436747.jpg
Chaussures Yeezy Boost 350,16 000CFA,"Abidjan, Côte d'Ivoire",https://images.coinafrique.com/thumb_2576723_uploaded_image1_1598410896.jpg
Baskets Jordan,16 000CFA,"Abidjan, Côte d'Ivoire",https://images.coinafrique.com/thumb_2576720_uploaded_image1_1598410782.jpg
Baskets Nike Air Max 720,15 000CFA,"Abidjan, Côte d'Ivoire",https://images.coinafrique.com/thumb_2576718_uploaded_image1_1598410624.jpg
Baskets Nike Air Max 720,15 000CFA,"Abidjan, Côte d'Ivoire",https://images.coinafrique.com/thumb_2576717_uploaded_image1_1598410503.jpg
Baskets Puma,15 000CFA,"Abidjan, Côte d'Ivoire",https://images.coinafrique.com/thumb_2576715_uploaded_image1_1598410296.jpg
Baskets Nike Vapor Max,15 000CFA,"Abidjan, Côte d'Ivoire",https://images.coinafrique.com/thumb_2576714_uploaded_image1_1598410204.jpg
Chaussures pour enfants,6 500CFA,"Cocody, Abidjan, Côte d'Ivoire",https://images.coinafrique.com/thumb_2566712_uploaded_image1_1598101269.jpg
Chaussures pour enfants,6 000CFA,"Cocody, Abidjan, Côte d'Ivoire",https://images.coinafrique.com/thumb_2566711_uploaded_image1_1598101240.jpg
Chaussures pour enfants,8 000CFA,"Cocody, Abidjan, Côte d'Ivoire",https://images.coinafrique.com/thumb_2566710_uploaded_image1_1598101205.jpg
Chaussures  enfants,18 000CFA,"Port-Bouet, Abidjan, Côte d'Ivoire",https://images.coinafrique.com/thumb_2563752_uploaded_image1_1598012095.jpg
Chaussures fermées / filles & garçons,5 000CFA,"Abidjan, Côte d'Ivoire",https://images.coinafrique.com/thumb_2553504_uploaded_image1_1597750568.jpg
Chaussures enfants,2 000CFA,"Cocody, Abidjan, Côte d'Ivoire",https://images.coinafrique.com/thumb_2548665_uploaded_image1_1597601641.jpg
Mocassins enfant,8 000CFA,"Abidjan, Côte d'Ivoire",https://images.coinafrique.com/thumb_2506419_uploaded_image1_1596420271.jpg
Ballerines Enfant,5 000CFA,"Marcory, Abidjan, Côte d'Ivoire",https://images.coinafrique.com/thumb_2496847_uploaded_image1_1596056146.jpg
Ballerines Or Enfant,6 000CFA,"Marcory, Abidjan, Côte d'Ivoire",https://images.coinafrique.com/thumb_2496841_uploaded_image1_1596055953.jpg
Baskets Air Force Nike,14 000CFA,"Abidjan, Côte d'Ivoire",https://images.coinafrique.com/thumb_2468648_uploaded_image1_1595406123.jpg
Chaussures  enfants,9 000CFA,"Port-Bouet, Abidjan, Côte d'Ivoire",https://images.coinafrique.com/thumb_2448291_uploaded_image1_1594931610.jpg
Chaussures  enfants,9 000CFA,"Port-Bouet, Abidjan, Côte d'Ivoire",https://images.coinafrique.com/thumb_2448289_uploaded_image1_1594931580.jpg
Mocassins  enfant,7 000CFA,"Abidjan, Côte d'Ivoire",https://images.coinafrique.com/thumb_2444710_uploaded_image1_1594858240.jpg
Mocassins Tod's,7 000CFA,"Abidjan, Côte d'Ivoire",https://images.coinafrique.com/thumb_2444636_uploaded_image1_1594856250.jpg
Mocassins Tod's enfants,7 000CFA,"Abidjan, Côte d'Ivoire",https://images.coinafrique.com/thumb_2444632_uploaded_image1_1594856178.jpg
Chaussures  enfant,13 000CFA,"Abidjan, Côte d'Ivoire",https://images.coinafrique.com/thumb_2443782_uploaded_image1_1594839899.jpg
Chaussures enfant,Prix sur demande,"Cocody, Abidjan, Côte d'Ivoire",https://images.coinafrique.com/thumb_2443284_uploaded_image1_1594831316.jpg
Chaussures enfant,6 000CFA,"Cocody, Abidjan, Côte d'Ivoire",https://images.coinafrique.com/thumb_2443265_uploaded_image1_1594831169.jpg
Baskets Enfants,4 500CFA,"Port-Bouet, Abidjan, Côte d'Ivoire",https://images.coinafrique.com/thumb_2430963_uploaded_image1_1594578436.jpg
Chaussures Enfants,4 500CFA,"Port-Bouet, Abidjan, Côte d'Ivoire",https://images.coinafrique.com/thumb_2430958_uploaded_image1_1594578307.jpg
Chaussures,3 500CFA,"Port-Bouet, Abidjan, Côte d'Ivoire",https://images.coinafrique.com/thumb_2430954_uploaded_image1_1594578181.jpg
Chaussures Enfants,4 500CFA,"Port-Bouet, Abidjan, Côte d'Ivoire",https://images.coinafrique.com/thumb_2430936_uploaded_image1_1594577819.jpg
Chaussures Enfants,2 500CFA,"Port-Bouet, Abidjan, Côte d'Ivoire",https://images.coinafrique.com/thumb_2430917_uploaded_image1_1594577349.jpg
Chaussures Enfants,3 500CFA,"Port-Bouet, Abidjan, Côte d'Ivoire",https://images.coinafrique.com/thumb_2430909_uploaded_image1_1594577174.jpg
Chaussures Enfants,4 500CFA,"Port-Bouet, Abidjan, Côte d'Ivoire",https://images.coinafrique.com/thumb_2430898_uploaded_image1_1594576940.jpg
Chaussures enfants,3 500CFA,"Port-Bouet, Abidjan, Côte d'Ivoire",https://images.coinafrique.com/thumb_2430885_uploaded_image1_1594576760.jpg
Chaussures Enfants,3 500CFA,"Port-Bouet, Abidjan, Côte d'Ivoire",https://images.coinafrique.com/thumb_2430861_uploaded_image1_1594576392.jpg
Chaussures enfants,2 500CFA,"Port-Bouet, Abidjan, Côte d'Ivoire",https://images.coinafrique.com/thumb_2430850_uploaded_image1_1594576234.jpg
Chaussures enfants,4 000CFA,"Port-Bouet, Abidjan, Côte d'Ivoire",https://images.coinafrique.com/thumb_2430802_uploaded_image1_1594575694.jpg
Sandales / enfants,7 000CFA,"Port-Bouet, Abidjan, Côte d'Ivoire",https://images.coinafrique.com/thumb_2392624_uploaded_image1_1593870303.jpg
Mocassins homme,10 000CFA,"Cocody, Abidjan, Côte d'Ivoire",https://images.coinafrique.com/thumb_2388587_uploaded_image1_1593794148.jpg
Chaussures enfant,Prix sur demande,"Adjamé, Abidjan, Côte d'Ivoire",https://images.coinafrique.com/thumb_2375560_uploaded_image1_1593602561.jpg
Baskets Yeezy,14 000CFA,"Abidjan, Côte d'Ivoire",https://images.coinafrique.com/thumb_2373919_uploaded_image1_1593567212.jpg
Ballerines enfant,3 500CFA,"Cocody, Abidjan, Côte d'Ivoire",https://images.coinafrique.com/thumb_2358118_uploaded_image1_1593298514.jpg
Chaussures enfant,25 000CFA,"Abidjan, Côte d'Ivoire",https://images.coinafrique.com/thumb_2343446_uploaded_image1_1593072299.jpg
"Claquettes Adidas pointures 4 à 12,",6 000CFA,"Adjamé, Abidjan, Côte d'Ivoire",https://images.coinafrique.com/thumb_2223255_uploaded_image1_1591218580.jpg
Chaussures enfant,Prix sur demande,"Cocody, Abidjan, Côte d'Ivoire",https://images.coinafrique.com/thumb_2139905_uploaded_image1_1589903622.26.jpeg
Chaussures enfants,Prix sur demande,"Cocody, Abidjan, Côte d'Ivoire",https://images.coinafrique.com/thumb_2139901_uploaded_image1_1589903540.0.jpeg
Chaussures enfant,Prix sur demande,"Cocody, Abidjan, Côte d'Ivoire",https://images.coinafrique.com/thumb_2139896_uploaded_image1_1589903477.64.jpeg
Chaussures enfant,6 000CFA,"Cocody, Abidjan, Côte d'Ivoire",https://images.coinafrique.com/thumb_2139893_uploaded_image1_1589903443.03.jpeg
Chaussures pour enfants,4 000CFA,"Le plateau, Abidjan, Côte d'Ivoire",https://images.coinafrique.com/thumb_2129412_uploaded_image1_1589740711.jpg
Chaussures Enfants,4 000CFA,"Cocody, Abidjan, Côte d'Ivoire",https://images.coinafrique.com/thumb_2129410_uploaded_image1_1589740637.jpg
Tapettes  enfant,4 000CFA,"Abidjan, Côte d'Ivoire",https://images.coinafrique.com/thumb_2129397_uploaded_image1_1589740468.jpg
Chaussures enfants,10 000CFA,"Cocody, Abidjan, Côte d'Ivoire",https://images.coinafrique.com/thumb_2085840_uploaded_image1_1589047286.jpg
Chaussures enfant,2 000CFA,"Adjamé, Abidjan, Côte d'Ivoire",https://images.coinafrique.com/thumb_2073770_uploaded_image1_1588862919.jpg
Chaussures enfant,5 000CFA,"Koumassi, Abidjan, Côte d'Ivoire",https://images.coinafrique.com/thumb_1836362_uploaded_image1_1584967244.08.png
Chaussures enfant,5 000CFA,"Koumassi, Abidjan, Côte d'Ivoire",https://images.coinafrique.com/thumb_1836344_uploaded_image1_1584967071.34.png
Chaussures enfant fille,5 000CFA,"Koumassi, Abidjan, Côte d'Ivoire",https://images.coinafrique.com/thumb_1836000_uploaded_image1_1584964570.05.png
Chaussures enfant,5 000CFA,"Koumassi, Abidjan, Côte d'Ivoire",https://images.coinafrique.com/thumb_1788252_uploaded_image1_1584099485.39.png
Chaussures enfant,4 000CFA,"Koumassi, Abidjan, Côte d'Ivoire",https://images.coinafrique.com/thumb_1788237_uploaded_image1_1584099355.8.png
Chaussures enfant,5 000CFA,"Koumassi, Abidjan, Côte d'Ivoire",https://images.coinafrique.com/thumb_1767851_uploaded_image1_1583771813.92.png
Chaussures garçon,5 000CFA,"Koumassi, Abidjan, Côte d'Ivoire",https://images.coinafrique.com/thumb_1767741_uploaded_image1_1583770660.0.png
Chaussures enfant,Prix sur demande,"Cocody, Abidjan, Côte d'Ivoire",https://images.coinafrique.com/thumb_1753656_uploaded_image1_1583496888.78.png
Chaussures enfant,4 000CFA,"Koumassi, Abidjan, Côte d'Ivoire",https://images.coinafrique.com/thumb_1744337_uploaded_image1_1583338979.44.png
Chaussures bébé,4 000CFA,"Koumassi, Abidjan, Côte d'Ivoire",https://images.coinafrique.com/thumb_1744328_uploaded_image1_1583338891.17.png
Chaussures enfant,5 000CFA,"Koumassi, Abidjan, Côte d'Ivoire",https://images.coinafrique.com/thumb_1744305_uploaded_image1_1583338484.51.png
Chaussures enfant,5 000CFA,"Koumassi, Abidjan, Côte d'Ivoire",https://images.coinafrique.com/thumb_1744272_uploaded_image1_1583338092.13.png
Chaussures enfant,7 000CFA,"Koumassi, Abidjan, Côte d'Ivoire",https://images.coinafrique.com/thumb_1744268_uploaded_image1_1583338007.3.png
Chaussures enfant,5 000CFA,"Koumassi, Abidjan, Côte d'Ivoire",https://images.coinafrique.com/thumb_1737530_uploaded_image1_1583239053.52.png
Chaussures enfant,5 000CFA,"Koumassi, Abidjan, Côte d'Ivoire",https://images.coinafrique.com/thumb_1737519_uploaded_image1_1583238954.96.png
Chaussures enfants,5 000CFA,"Koumassi, Abidjan, Côte d'Ivoire",https://images.coinafrique.com/thumb_1737509_uploaded_image1_1583238876.49.png
Chaussures enfants,5 000CFA,"Koumassi, Abidjan, Côte d'Ivoire",https://images.coinafrique.com/thumb_1709501_uploaded_image1_1582736056.66.png
Chaussures enfant,5 000CFA,"Koumassi, Abidjan, Côte d'Ivoire",https://images.coinafrique.com/thumb_1709467_uploaded_image1_1582735796.84.png
Chaussures enfant,5 000CFA,"Koumassi, Abidjan, Côte d'Ivoire",https://images.coinafrique.com/thumb_1709455_uploaded_image1_1582735711.66.png
Chaussures enfant,5 000CFA,"Koumassi, Abidjan, Côte d'Ivoire",https://images.coinafrique.com/thumb_1709435_uploaded_image1_1582735617.71.png
Chaussures enfant,Prix sur demande,"Cocody, Abidjan, Côte d'Ivoire",https://images.coinafrique.com/thumb_1703893_uploaded_image1_1582648418.24.png
Chaussures fille,5 000CFA,"Koumassi, Abidjan, Côte d'Ivoire",https://images.coinafrique.com/thumb_1690068_uploaded_image1_1582389698.36.png
Chaussures fille,5 000CFA,"Koumassi, Abidjan, Côte d'Ivoire",https://images.coinafrique.com/thumb_1690064_uploaded_image1_1582389608.4.png
Chaussures fille,5 000CFA,"Koumassi, Abidjan, Côte d'Ivoire",https://images.coinafrique.com/thumb_1690063_uploaded_image1_1582389545.28.png
Chaussures enfant,5 000CFA,"Koumassi, Abidjan, Côte d'Ivoire",https://images.coinafrique.com/thumb_1680232_uploaded_image1_1582212931.88.png
Chaussures enfant,5 000CFA,"Koumassi, Abidjan, Côte d'Ivoire",https://images.coinafrique.com/thumb_1680186_uploaded_image1_1582212574.41.png
Chaussures enfant,5 000CFA,"Koumassi, Abidjan, Côte d'Ivoire",https://images.coinafrique.com/thumb_1643966_uploaded_image1_1581593996.79.png
Chaussures enfant,5 000CFA,"Koumassi, Abidjan, Côte d'Ivoire",https://images.coinafrique.com/thumb_1643956_uploaded_image1_1581593890.85.png
Chaussures enfant,5 000CFA,"Koumassi, Abidjan, Côte d'Ivoire",https://images.coinafrique.com/thumb_1643926_uploaded_image1_1581593640.73.png
Chaussures enfant,7 000CFA,"Koumassi, Abidjan, Côte d'Ivoire",https://images.coinafrique.com/thumb_1643763_uploaded_image1_1581592177.7.png
Baskets Nike,6 000CFA,"Port-Bouet, Abidjan, Côte d'Ivoire",https://images.coinafrique.com/thumb_2887789_uploaded_image1_1610536968.jpg
Baskets enfants,6 000CFA,"Port-Bouet, Abidjan, Côte d'Ivoire",https://images.coinafrique.com/thumb_2887773_uploaded_image1_1610536423.jpg
Baskets Nike Enfants,8 000CFA,"Port-Bouet, Abidjan, Côte d'Ivoire",https://images.coinafrique.com/thumb_2871996_uploaded_image1_1609903373.jpg
Chaussures enfants,18 000CFA,"Cocody, Abidjan, Côte d'Ivoire",https://images.coinafrique.com/thumb_2850447_uploaded_image1_1608809742.jpg
Chaussures enfant,18 000CFA,"Cocody, Abidjan, Côte d'Ivoire",https://images.coinafrique.com/thumb_2850446_uploaded_image1_1608809695.jpg
Chaussures enfant,20 000CFA,"Abidjan, Côte d'Ivoire",https://images.coinafrique.com/thumb_2847176_uploaded_image1_1608651389.jpg
Chaussures enfants,14 000CFA,"Cocody, Abidjan, Côte d'Ivoire",https://images.coinafrique.com/thumb_2845827_uploaded_image1_1608591800.jpg
Chaussures enfants,12 000CFA,"Cocody, Abidjan, Côte d'Ivoire",https://images.coinafrique.com/thumb_2845813_uploaded_image1_1608591353.jpg
Chaussures enfants,12 000CFA,"Cocody, Abidjan, Côte d'Ivoire",https://images.coinafrique.com/thumb_2845810_uploaded_image1_1608591208.jpg
Chaussures enfant,10 500CFA,"Abidjan, Côte d'Ivoire",https://images.coinafrique.com/thumb_2844566_uploaded_image2_1608550637.jpeg
Chaussures enfants,Prix sur demande,"Cocody, Abidjan, Côte d'Ivoire",https://images.coinafrique.com/thumb_2843732_uploaded_image1_1608507423.jpg
Chaussures enfant,13 000CFA,"Cocody, Abidjan, Côte d'Ivoire",https://images.coinafrique.com/thumb_2839480_uploaded_image1_1608299575.jpg
Chaussures enfant,7 000CFA,"Abidjan, Côte d'Ivoire",https://images.coinafrique.com/thumb_2838544_uploaded_image1_1608270451.jpg
Chaussures  pour enfants,12 000CFA,"Cocody, Abidjan, Côte d'Ivoire",https://images.coinafrique.com/thumb_2827216_uploaded_image1_1607800983.jpg
Chaussures enfants,11 000CFA,"Cocody, Abidjan, Côte d'Ivoire",https://images.coinafrique.com/thumb_2823509_uploaded_image1_1607637509.jpg
Chaussures stimulation,11 000CFA,"Cocody, Abidjan, Côte d'Ivoire",https://images.coinafrique.com/thumb_2823497_uploaded_image1_1607637309.jpg
Chaussures enfants,Prix sur demande,"Cocody, Abidjan, Côte d'Ivoire",https://images.coinafrique.com/thumb_2823493_uploaded_image1_1607637237.jpg
Chaussures enfant,8 500CFA,"Adjamé, Abidjan, Côte d'Ivoire",https://images.coinafrique.com/thumb_2822230_uploaded_image1_1607600090.jpg
Baskets enfants,8 500CFA,"Adjamé, Abidjan, Côte d'Ivoire",https://images.coinafrique.com/thumb_2822223_uploaded_image1_1607599988.jpg
Chaussures enfants,11 000CFA,"Cocody, Abidjan, Côte d'Ivoire",https://images.coinafrique.com/thumb_2821338_uploaded_image1_1607559277.jpg
Chaussures pour enfants,11 000CFA,"Cocody, Abidjan, Côte d'Ivoire",https://images.coinafrique.com/thumb_2818528_uploaded_image1_1607456211.jpg
Chaussures pour enfant,Prix sur demande,"Cocody, Abidjan, Côte d'Ivoire",https://images.coinafrique.com/thumb_2818523_uploaded_image1_1607456073.jpg
Tod's,14 000CFA,"Abidjan, Côte d'Ivoire",https://images.coinafrique.com/thumb_2818362_uploaded_image1_1607450438.jpg
Chaussures enfant,10 000CFA,"Yopougon, Abidjan, Côte d'Ivoire",https://images.coinafrique.com/thumb_2815028_uploaded_image1_1607345105.jpg
Chaussures stimulation,11 000CFA,"Cocody, Abidjan, Côte d'Ivoire",https://images.coinafrique.com/thumb_2813207_uploaded_image1_1607275282.jpg
Chaussures enfant,Prix sur demande,"Cocody, Abidjan, Côte d'Ivoire",https://images.coinafrique.com/thumb_2807495_uploaded_image1_1607040397.jpg
Chaussures enfant,11 000CFA,"Adzopé, Côte d'Ivoire",https://images.coinafrique.com/thumb_2807159_uploaded_image1_1607027414.jpg
Chaussures enfant,11 000CFA,"Adzopé, Côte d'Ivoire",https://images.coinafrique.com/thumb_2799829_uploaded_image1_1606824474.jpg
Baskets enfant,5 000CFA,"Yopougon, Abidjan, Côte d'Ivoire",https://images.coinafrique.com/thumb_2796351_uploaded_image1_1606724975.jpg
Chaussures Adidas Stan Smith,12 000CFA,"Cocody, Abidjan, Côte d'Ivoire",https://images.coinafrique.com/thumb_2795804_uploaded_image1_1606686706.jpg
Tods enfants,15 000CFA,"Cocody, Abidjan, Côte d'Ivoire",https://images.coinafrique.com/thumb_2795272_uploaded_image1_1606663803.jpg
Chaussures TN Nike,14 000CFA,"Cocody, Abidjan, Côte d'Ivoire",https://images.coinafrique.com/thumb_2795264_uploaded_image1_1606663484.jpg
Chaussures pour enfant,Prix sur demande,"Cocody, Abidjan, Côte d'Ivoire",https://images.coinafrique.com/thumb_2794697_uploaded_image1_1606642469.jpg
Chaussures enfants,Prix sur demande,"Cocody, Abidjan, Côte d'Ivoire",https://images.coinafrique.com/thumb_2794291_uploaded_image1_1606599399.jpg
Chaussures enfant,12 000CFA,"Cocody, Abidjan, Côte d'Ivoire",https://images.coinafrique.com/thumb_2792762_uploaded_image1_1606545234.jpg
Chaussures enfants,Prix sur demande,"Akoupé, Côte d'Ivoire",https://images.coinafrique.com/thumb_2790597_uploaded_image1_1606460632.jpg
Chaussures enfant,Prix sur demande,"Akoupé, Côte d'Ivoire",https://images.coinafrique.com/thumb_2790588_uploaded_image1_1606460436.jpg
Chaussures enfants,13 000CFA,"Akoupé, Côte d'Ivoire",https://images.coinafrique.com/thumb_2790587_uploaded_image1_1606460405.jpg
Chaussures enfant,13 000CFA,"Akoupé, Côte d'Ivoire",https://images.coinafrique.com/thumb_2790579_uploaded_image1_1606460242.jpg
Chaussures enfant,Prix sur demande,"Cocody, Abidjan, Côte d'Ivoire",https://images.coinafrique.com/thumb_2790576_uploaded_image1_1606460137.jpg
Baskets Nike TN pour enfants,12 000CFA,"Cocody, Abidjan, Côte d'Ivoire",https://images.coinafrique.com/thumb_2790348_uploaded_image1_1606433592.jpg
Tod pour enfants,15 000CFA,"Cocody, Abidjan, Côte d'Ivoire",https://images.coinafrique.com/thumb_2790346_uploaded_image1_1606433477.jpg
Tod pour enfants,15 000CFA,"Cocody, Abidjan, Côte d'Ivoire",https://images.coinafrique.com/thumb_2790343_uploaded_image1_1606433333.jpg
Tod pour enfants,15 000CFA,"Cocody, Abidjan, Côte d'Ivoire",https://images.coinafrique.com/thumb_2790341_uploaded_image1_1606433249.jpg
Tod,15 000CFA,"Cocody, Abidjan, Côte d'Ivoire",https://images.coinafrique.com/thumb_2790337_uploaded_image1_1606433164.jpg
Chaussures Adidas Stan Smith,12 000CFA,"Cocody, Abidjan, Côte d'Ivoire",https://images.coinafrique.com/thumb_2784951_uploaded_image1_1606240477.jpg
Chaussures enfants,12 000CFA,"Cocody, Abidjan, Côte d'Ivoire",https://images.coinafrique.com/thumb_2784945_uploaded_image1_1606240352.jpg
Chaussures Yeezy enfant,8 000CFA,"Cocody, Abidjan, Côte d'Ivoire",https://images.coinafrique.com/thumb_2784930_uploaded_image1_1606239877.jpg
Chaussures enfant,Prix sur demande,"Cocody, Abidjan, Côte d'Ivoire",https://images.coinafrique.com/thumb_2780933_uploaded_image1_1606119870.jpg
Chaussures Walabees,15 000CFA,"Cocody, Abidjan, Côte d'Ivoire",https://images.coinafrique.com/thumb_2778909_uploaded_image1_1606008526.jpg
Chaussures enfant,Prix sur demande,"Cocody, Abidjan, Côte d'Ivoire",https://images.coinafrique.com/thumb_2778136_uploaded_image1_1605975942.jpg
Chaussures + chaussettes,5 000CFA,"Abidjan, Côte d'Ivoire",https://images.coinafrique.com/thumb_2777297_uploaded_image1_1605954535.jpg
Chaussures enfants,7 000CFA,"Cocody, Abidjan, Côte d'Ivoire",https://images.coinafrique.com/thumb_2776172_uploaded_image1_1605893448.jpg
Chaussures enfants,Prix sur demande,"Cocody, Abidjan, Côte d'Ivoire",https://images.coinafrique.com/thumb_2771689_uploaded_image1_1605726485.jpg
Chaussures enfant,Prix sur demande,"Cocody, Abidjan, Côte d'Ivoire",https://images.coinafrique.com/thumb_2767736_uploaded_image1_1605605727.jpg
Chaussures enfant,10 000CFA,"Yopougon, Abidjan, Côte d'Ivoire",https://images.coinafrique.com/thumb_2757231_uploaded_image1_1605190690.jpg
Chaussures enfants,6 500CFA,"Cocody, Abidjan, Côte d'Ivoire",https://images.coinafrique.com/thumb_2720117_uploaded_image1_1603747644.jpg
Mocassins,14 000CFA,"Cocody, Abidjan, Côte d'Ivoire",https://images.coinafrique.com/thumb_2712938_uploaded_image1_1603407499.jpg
Chaussures enfant,Prix sur demande,"Cocody, Abidjan, Côte d'Ivoire",https://images.coinafrique.com/thumb_2705880_uploaded_image1_1603138770.jpg
Chaussures enfants,Prix sur demande,"Cocody, Abidjan, Côte d'Ivoire",https://images.coinafrique.com/thumb_2705879_uploaded_image1_1603138728.jpg
Chaussures Adidas,35 000CFA,"Treichville, Abidjan, Côte d'Ivoire",https://images.coinafrique.com/thumb_2705036_uploaded_image1_1603115289.jpg
Chaussures enfant,3 500CFA,"Cocody, Abidjan, Côte d'Ivoire",https://images.coinafrique.com/thumb_2685497_uploaded_image1_1602345269.jpg
Chaussures enfant,3 500CFA,"Cocody, Abidjan, Côte d'Ivoire",https://images.coinafrique.com/thumb_2685492_uploaded_image1_1602345078.jpg
Chaussures Enfants,3 500CFA,"Cocody, Abidjan, Côte d'Ivoire",https://images.coinafrique.com/thumb_2685489_uploaded_image1_1602344813.jpg
Chaussures Enfants,5 000CFA,"Cocody, Abidjan, Côte d'Ivoire",https://images.coinafrique.com/thumb_2661995_uploaded_image1_1601483381.jpg
Mocassins enfant,8 000CFA,"Abidjan, Côte d'Ivoire",https://images.coinafrique.com/thumb_2651410_uploaded_image1_1601041998.jpg
Claquettes pour enfants,5 000CFA,"Abidjan, Côte d'Ivoire",https://images.coinafrique.com/thumb_2639005_uploaded_image1_1600591641.jpg
Claquettes pour enfants,5 000CFA,"Abidjan, Côte d'Ivoire",https://images.coinafrique.com/thumb_2639002_uploaded_image1_1600591589.jpg
Claquettes pour enfants,5 000CFA,"Abidjan, Côte d'Ivoire",https://images.coinafrique.com/thumb_2639000_uploaded_image1_1600591540.jpg
Claquettes pour enfants,5 000CFA,"Abidjan, Côte d'Ivoire",https://images.coinafrique.com/thumb_2638999_uploaded_image1_1600591465.jpg
Claquettes pour enfants,5 000CFA,"Abidjan, Côte d'Ivoire",https://images.coinafrique.com/thumb_2638996_uploaded_image1_1600591415.jpg
Chaussure Koto enfant,7 500CFA,"Abidjan, Côte d'Ivoire",https://images.coinafrique.com/thumb_2631539_uploaded_image1_1600297070.jpg
Baskets garçon et fille,10 000CFA,"Abidjan, Côte d'Ivoire",https://images.coinafrique.com/thumb_2631535_uploaded_image1_1600296875.jpg
Sandales enfant,7 000CFA,"Adjamé, Abidjan, Côte d'Ivoire",https://images.coinafrique.com/thumb_2605049_uploaded_image1_1599402581.jpg
Chaussures Kitto,4 000CFA,"Adjamé, Abidjan, Côte d'Ivoire",https://images.coinafrique.com/thumb_2605042_uploaded_image1_1599402276.jpg
Chaussures Maya Safari,8 000CFA,"Cocody, Abidjan, Côte d'Ivoire",https://images.coinafrique.com/thumb_2595360_uploaded_image1_1599065575.jpg
Sandales enfants,8 000CFA,"Cocody, Abidjan, Côte d'Ivoire",https://images.coinafrique.com/thumb_2595345_uploaded_image1_1599065350.jpg
Sandales  enfants,8 000CFA,"Cocody, Abidjan, Côte d'Ivoire",https://images.coinafrique.com/thumb_2595335_uploaded_image1_1599065189.jpg
Ballerines,8 000CFA,"Cocody, Abidjan, Côte d'Ivoire",https://images.coinafrique.com/thumb_2595323_uploaded_image1_1599065014.jpg
Chaussures enfants,Prix sur demande,"Cocody, Abidjan, Côte d'Ivoire",https://images.coinafrique.com/thumb_2592818_uploaded_image1_1598996162.jpg
Chaussures,Prix sur demande,"Cocody, Abidjan, Côte d'Ivoire",https://images.coinafrique.com/thumb_2592814_uploaded_image1_1598996135.jpg
Chaussures enfants,Prix sur demande,"Cocody, Abidjan, Côte d'Ivoire",https://images.coinafrique.com/thumb_2592804_uploaded_image1_1598995910.jpg
Chaussures enfants,Prix sur demande,"Cocody, Abidjan, Côte d'Ivoire",https://images.coinafrique.com/thumb_2592799_uploaded_image1_1598995806.jpg
Baskets Nike Air Force,15 000CFA,"Abidjan, Côte d'Ivoire",https://images.coinafrique.com/thumb_2591847_uploaded_image1_1598975399.jpg
Chaussures enfant,11 000CFA,"Cocody, Abidjan, Côte d'Ivoire",https://images.coinafrique.com/thumb_3461157_uploaded_image1_1638341838.jpg
Chaussures Tods enfants,15 000CFA,"Le Plateau, Abidjan, Côte d'Ivoire",https://images.coinafrique.com/thumb_3460247_uploaded_image1_1638286914.jpg
Chaussures enfant,Prix sur demande,"Abidjan, Côte d'Ivoire",https://images.coinafrique.com/thumb_3447647_uploaded_image1_1637453061.jpg
Baskets Nike Air Jordan enfant,15 000CFA,"Adjamé, Abidjan, Côte d'Ivoire",https://images.coinafrique.com/thumb_3432902_uploaded_image1_1636635087.jpg
Baskets Nike Air force,18 000CFA,"Abidjan, Côte d'Ivoire",https://images.coinafrique.com/thumb_3444865_uploaded_image1_1637297321.jpg
Baskets Nike,18 000CFA,"Abidjan, Côte d'Ivoire",https://images.coinafrique.com/thumb_3444802_uploaded_image1_1637281892.jpg
Baskets Nike,18 000CFA,"Abidjan, Côte d'Ivoire",https://images.coinafrique.com/thumb_3444798_uploaded_image1_1637281641.jpg
Chaussures enfant,8 000CFA,"Koumassi, Abidjan, Côte d'Ivoire",https://images.coinafrique.com/thumb_3442794_uploaded_image1_1637179227.jpg
Chaussures enfants,6 000CFA,"Koumassi, Abidjan, Côte d'Ivoire",https://images.coinafrique.com/thumb_3442781_uploaded_image1_1637179010.jpg
Chaussures enfants,5 000CFA,"Koumassi, Abidjan, Côte d'Ivoire",https://images.coinafrique.com/thumb_3442770_uploaded_image1_1637178749.jpg
Chaussures enfant,5 000CFA,"Koumassi, Abidjan, Côte d'Ivoire",https://images.coinafrique.com/thumb_3442756_uploaded_image1_1637178090.jpg
Chaussures enfant,5 000CFA,"Koumassi, Abidjan, Côte d'Ivoire",https://images.coinafrique.com/thumb_3441947_uploaded_image1_1637148918.jpg
Ballerines enfant,2 500CFA,"San-Pedro, Côte d'Ivoire",https://images.coinafrique.com/thumb_3423222_uploaded_image3_1636131961.jpeg
Chaussures enfant,2 500CFA,"Cocody, Abidjan, Côte d'Ivoire",https://images.coinafrique.com/thumb_3374517_uploaded_image1_1633645493.jpg
Chaussures enfant,7 000CFA,"Abidjan, Côte d'Ivoire",https://images.coinafrique.com/thumb_3419879_uploaded_image1_1636005408.jpg
Chaussures enfants,10 000CFA,"Yopougon, Abidjan, Côte d'Ivoire",https://images.coinafrique.com/thumb_3412673_uploaded_image1_1635715257.jpg
Chaussures enfant,6 000CFA,"Abidjan, Côte d'Ivoire",https://images.coinafrique.com/thumb_3396124_uploaded_image1_1634774283.jpg
Chaussures enfant,3 000CFA,"Koumassi, Abidjan, Côte d'Ivoire",https://images.coinafrique.com/thumb_3385436_uploaded_image1_1634208777.jpg
Chaussures enfants,3 000CFA,"Koumassi, Abidjan, Côte d'Ivoire",https://images.coinafrique.com/thumb_3385411_uploaded_image1_1634208147.jpg
Chaussures enfants,3 000CFA,"Koumassi, Abidjan, Côte d'Ivoire",https://images.coinafrique.com/thumb_3385394_uploaded_image1_1634207755.jpg
Ballerines enfants,12 000CFA,"Yopougon, Abidjan, Côte d'Ivoire",https://images.coinafrique.com/thumb_3367774_uploaded_image1_1633360691.jpg
Chaussures enfants,8 500CFA,"Cocody, Abidjan, Côte d'Ivoire",https://images.coinafrique.com/thumb_3356142_uploaded_image1_1632829884.jpg
Chaussures enfants,12 000CFA,"Cocody, Abidjan, Côte d'Ivoire",https://images.coinafrique.com/thumb_3353833_uploaded_image1_1632675948.jpg
Chaussures enfant,8 000CFA,"Abidjan, Côte d'Ivoire",https://images.coinafrique.com/thumb_3352727_uploaded_image1_1632584546.jpg
Chaussures enfant,2 500CFA,"Abidjan, Côte d'Ivoire",https://images.coinafrique.com/thumb_3352681_uploaded_image1_1632582102.jpg
Baskets Air Jordan One,20 000CFA,"Abidjan, Côte d'Ivoire",https://images.coinafrique.com/thumb_3345050_uploaded_image1_1632189612.jpg
Chaussures Enfants,7 500CFA,"Cocody, Abidjan, Côte d'Ivoire",https://images.coinafrique.com/thumb_3338733_uploaded_image1_1631829843.jpg
Chaussures enfant,10 000CFA,"Koumassi, Abidjan, Côte d'Ivoire",https://images.coinafrique.com/thumb_3320223_uploaded_image1_1630957809.jpg
Baskets enfant,13 000CFA,"Yopougon, Abidjan, Côte d'Ivoire",https://images.coinafrique.com/thumb_3302240_uploaded_image1_1630151346.jpg
Chaussures enfant,13 000CFA,"Yopougon, Abidjan, Côte d'Ivoire",https://images.coinafrique.com/thumb_3302237_uploaded_image1_1630151225.jpg
Baskets enfant,13 000CFA,"Yopougon, Abidjan, Côte d'Ivoire",https://images.coinafrique.com/thumb_3302234_uploaded_image1_1630151157.jpg
Chaussures pour enfants,13 000CFA,"Yopougon, Abidjan, Côte d'Ivoire",https://images.coinafrique.com/thumb_3301955_uploaded_image1_1630138313.jpg
Chaussures enfants,10 000CFA,"Yopougon, Abidjan, Côte d'Ivoire",https://images.coinafrique.com/thumb_3295823_uploaded_image1_1629810139.jpg
Chaussures fillette,3 000CFA,"Cocody, Abidjan, Côte d'Ivoire",https://images.coinafrique.com/thumb_3293437_uploaded_image1_1629679958.jpg
Chaussures enfant,1 500CFA,"Yopougon, Abidjan, Côte d'Ivoire",https://images.coinafrique.com/thumb_3280930_uploaded_image1_1629023913.jpg
Chaussures Kito cuir,12 000CFA,"Treichville, Abidjan, Côte d'Ivoire",https://images.coinafrique.com/thumb_3235472_uploaded_image1_1626631435.jpg
Chaussures enfant,Prix sur demande,"Cocody, Abidjan, Côte d'Ivoire",https://images.coinafrique.com/thumb_3232019_uploaded_image1_1626430840.jpg
Baskets Air Jordan,18 000CFA,"Abidjan, Côte d'Ivoire",https://images.coinafrique.com/thumb_3227395_uploaded_image1_1626233636.jpg
Chaussures enfant,14 000CFA,"Abidjan, Côte d'Ivoire",https://images.coinafrique.com/thumb_3227394_uploaded_image1_1626233565.jpg
Baskets Air Jordan,18 000CFA,"Abidjan, Côte d'Ivoire",https://images.coinafrique.com/thumb_3227391_uploaded_image1_1626233456.jpg
Chaussures enfant,Prix sur demande,"Cocody, Abidjan, Côte d'Ivoire",https://images.coinafrique.com/thumb_3225707_uploaded_image1_1626172938.jpg
Mocassins enfants,8 000CFA,"Abidjan, Côte d'Ivoire",https://images.coinafrique.com/thumb_3222245_uploaded_image1_1626008882.jpg
Mocassins enfants,8 000CFA,"Abidjan, Côte d'Ivoire",https://images.coinafrique.com/thumb_3222239_uploaded_image2_1626008708.jpeg
Chaussures enfants,Prix sur demande,"Cocody, Abidjan, Côte d'Ivoire",https://images.coinafrique.com/thumb_3219916_uploaded_image1_1625868932.jpg
Chaussures enfant,Prix sur demande,"Cocody, Abidjan, Côte d'Ivoire",https://images.coinafrique.com/thumb_3219915_uploaded_image1_1625868912.jpg
Ballerines,1 500CFA,"Yopougon, Abidjan, Côte d'Ivoire",https://images.coinafrique.com/thumb_3182142_uploaded_image1_1624187470.jpg
Chaussures pour petites filles,1 500CFA,"Yopougon, Abidjan, Côte d'Ivoire",https://images.coinafrique.com/thumb_3165405_uploaded_image1_1623354749.jpg
Sandales enfants,10 000CFA,"Cocody, Abidjan, Côte d'Ivoire",https://images.coinafrique.com/thumb_3160464_uploaded_image2_1623158492.jpeg
Chaussures enfants,12 000CFA,"Abidjan, Côte d'Ivoire",https://images.coinafrique.com/thumb_3139349_uploaded_image1_1622254510.jpg
Baskets Air Max 95,17 000CFA,"Abidjan, Côte d'Ivoire",https://images.coinafrique.com/thumb_3119367_uploaded_image1_1621259347.jpg
Chaussures enfant,7 500CFA,"Vridi, Abidjan, Côte d'Ivoire",https://images.coinafrique.com/thumb_3110413_uploaded_image1_1620738660.jpg
Chaussures enfant,Prix sur demande,"Cocody, Abidjan, Côte d'Ivoire",https://images.coinafrique.com/thumb_3100847_uploaded_image1_1620304437.jpg
Chaussures enfants,11 000CFA,"Cocody, Abidjan, Côte d'Ivoire",https://images.coinafrique.com/thumb_3097136_uploaded_image1_1620150429.jpg
Baskets Adidas Superstar,12 000CFA,"Marcory, Abidjan, Côte d'Ivoire",https://images.coinafrique.com/thumb_3092372_uploaded_image1_1619972658.jpg
Chaussures enfant,12 000CFA,"Cocody, Abidjan, Côte d'Ivoire",https://images.coinafrique.com/thumb_3086538_uploaded_image1_1619704025.jpg
Chaussures enfant,5 000CFA,"Vridi, Abidjan, Côte d'Ivoire",https://images.coinafrique.com/thumb_3084927_uploaded_image1_1619621729.jpg
Chaussures enfant,Prix sur demande,"Cocody, Abidjan, Côte d'Ivoire",https://images.coinafrique.com/thumb_3083163_uploaded_image1_1619539200.jpg
Chaussures enfant,Prix sur demande,"Cocody, Abidjan, Côte d'Ivoire",https://images.coinafrique.com/thumb_3083157_uploaded_image1_1619539098.jpg
Chaussures  enfant,Prix sur demande,"Cocody, Abidjan, Côte d'Ivoire",https://images.coinafrique.com/thumb_3083156_uploaded_image1_1619539004.jpg
Chaussures enfant,12 000CFA,"Koumassi, Abidjan, Côte d'Ivoire",https://images.coinafrique.com/thumb_3068239_uploaded_image1_1618843393.jpg
Chaussures  pour enfants,Prix sur demande,"Cocody, Abidjan, Côte d'Ivoire",https://images.coinafrique.com/thumb_3051450_uploaded_image1_1618056043.jpg
Chaussures enfants,12 000CFA,"Cocody, Abidjan, Côte d'Ivoire",https://images.coinafrique.com/thumb_3051446_uploaded_image2_1618055993.jpeg
Chaussures enfants,12 000CFA,"Cocody, Abidjan, Côte d'Ivoire",https://images.coinafrique.com/thumb_3051445_uploaded_image1_1618055963.jpg
Chaussures enfant,12 500CFA,"Abobo, Abidjan, Côte d'Ivoire",https://images.coinafrique.com/thumb_3041738_uploaded_image1_1617653967.jpg
Chaussures enfant,12 500CFA,"Abobo, Abidjan, Côte d'Ivoire",https://images.coinafrique.com/thumb_3041735_uploaded_image1_1617653924.jpg
Chaussures fille,7 000CFA,"Cocody, Abidjan, Côte d'Ivoire",https://images.coinafrique.com/thumb_2998941_uploaded_image1_1615576721.jpg
Chaussures fille,6 000CFA,"Cocody, Abidjan, Côte d'Ivoire",https://images.coinafrique.com/thumb_2998938_uploaded_image1_1615576659.jpg
Chaussures enfants,4 000CFA,"Cocody, Abidjan, Côte d'Ivoire",https://images.coinafrique.com/thumb_2981223_uploaded_image1_1614726301.jpg
Chaussures enfant,Prix sur demande,"Cocody, Abidjan, Côte d'Ivoire",https://images.coinafrique.com/thumb_2964763_uploaded_image1_1613993404.jpg
Chaussures enfant,Prix sur demande,"Cocody, Abidjan, Côte d'Ivoire",https://images.coinafrique.com/thumb_2964743_uploaded_image1_1613992954.jpg
Chaussures enfant,Prix sur demande,"Cocody, Abidjan, Côte d'Ivoire",https://images.coinafrique.com/thumb_2964742_uploaded_image1_1613992934.jpg
Chaussures enfant,Prix sur demande,"Cocody, Abidjan, Côte d'Ivoire",https://images.coinafrique.com/thumb_2964740_uploaded_image1_1613992908.jpg
Chaussures enfants,Prix sur demande,"Cocody, Abidjan, Côte d'Ivoire",https://images.coinafrique.com/thumb_2957536_uploaded_image1_1613606859.jpg
Chaussures enfants,Prix sur demande,"Cocody, Abidjan, Côte d'Ivoire",https://images.coinafrique.com/thumb_2935858_uploaded_image1_1612618147.jpg
Chaussures bébé,4 000CFA,"Abidjan, Côte d'Ivoire",https://images.coinafrique.com/thumb_2928759_uploaded_image1_1612347142.jpg
Chaussures enfant,12 000CFA,"Cocody, Abidjan, Côte d'Ivoire",https://images.coinafrique.com/thumb_2927293_uploaded_image1_1612282888.jpg
Chaussures enfant,12 000CFA,"Cocody, Abidjan, Côte d'Ivoire",https://images.coinafrique.com/thumb_2927291_uploaded_image1_1612282863.jpg
Chaussures bébé,4 000CFA,"Abidjan, Côte d'Ivoire",https://images.coinafrique.com/thumb_2920758_uploaded_image1_1612022073.jpg
Chaussures Yearcon,15 000CFA,"Dimbokro, Côte d'Ivoire",https://images.coinafrique.com/thumb_2916875_uploaded_image1_1611837976.jpg
Chaussures enfants,8 000CFA,"Abidjan, Côte d'Ivoire",https://images.coinafrique.com/thumb_2916025_uploaded_image1_1611789636.jpg
Chaussures enfants,7 000CFA,"Abidjan, Côte d'Ivoire",https://images.coinafrique.com/thumb_2916021_uploaded_image1_1611789507.jpg
Chaussures enfants,7 000CFA,"Yopougon, Abidjan, Côte d'Ivoire",https://images.coinafrique.com/thumb_2913890_uploaded_image1_1611699887.jpg
Chaussures enfant,3 500CFA,"Abobo, Abidjan, Côte d'Ivoire",https://images.coinafrique.com/thumb_2899081_uploaded_image1_1611042783.jpg
Chaussures enfant,3 500CFA,"Abobo, Abidjan, Côte d'Ivoire",https://images.coinafrique.com/thumb_2899078_uploaded_image1_1611042664.jpg
Chaussures enfants,8 000CFA,"Abidjan, Côte d'Ivoire",https://images.coinafrique.com/thumb_3867764_uploaded_image1_1662565534.jpg
Chaussures enfant,8 000CFA,"Abidjan, Côte d'Ivoire",https://images.coinafrique.com/thumb_3867754_uploaded_image1_1662565178.jpg
Chaussures enfant,8 500CFA,"Koumassi, Abidjan, Côte d'Ivoire",https://images.coinafrique.com/thumb_3853701_uploaded_image2_1661894164.jpeg
Chaussures enfant,14 000CFA,"Koumassi, Abidjan, Côte d'Ivoire",https://images.coinafrique.com/thumb_3853696_uploaded_image2_1661893925.jpeg
Chaussures enfant,14 000CFA,"Koumassi, Abidjan, Côte d'Ivoire",https://images.coinafrique.com/thumb_3853690_uploaded_image3_1661893525.jpeg
Chaussures  bébé  - 0 à 12 mois,4 000CFA,"Treichville, Abidjan, Côte d'Ivoire",https://images.coinafrique.com/thumb_3852383_uploaded_image1_1661846098.jpg
Chaussures enfants,13 000CFA,"Abobo, Abidjan, Côte d'Ivoire",https://images.coinafrique.com/thumb_3845541_uploaded_image2_1661382008.jpeg
Chaussures enfants,7 000CFA,"Koumassi, Abidjan, Côte d'Ivoire",https://images.coinafrique.com/thumb_3844510_uploaded_image1_1661343744.jpg
Chaussures enfants,7 500CFA,"Koumassi, Abidjan, Côte d'Ivoire",https://images.coinafrique.com/thumb_3844479_uploaded_image1_1661343065.jpg
Chaussures enfant,7 000CFA,"Koumassi, Abidjan, Côte d'Ivoire",https://images.coinafrique.com/thumb_3844444_uploaded_image1_1661342147.jpg
Chaussures   enfants,7 000CFA,"Koumassi, Abidjan, Côte d'Ivoire",https://images.coinafrique.com/thumb_3844415_uploaded_image1_1661341441.jpg
Chaussures enfant,6 000CFA,"Grand-Bassam, Côte d'Ivoire",https://images.coinafrique.com/thumb_3844015_uploaded_image1_1661324522.jpg
Chaussures enfant,6 000CFA,"Grand-Bassam, Côte d'Ivoire",https://images.coinafrique.com/thumb_3844013_uploaded_image1_1661324383.jpg
Chaussures enfant,15 000CFA,"Grand-Bassam, Côte d'Ivoire",https://images.coinafrique.com/thumb_3844011_uploaded_image1_1661324318.jpg
Chaussures enfant,5 000CFA,"Grand-Bassam, Côte d'Ivoire",https://images.coinafrique.com/thumb_3841693_uploaded_image1_1661192651.jpg
Chaussures bébé,3 000CFA,"Angré, Abidjan, Côte d'Ivoire",https://images.coinafrique.com/thumb_3841586_uploaded_image1_1661188802.jpg
Chaussures enfant,12 000CFA,"Treichville, Abidjan, Côte d'Ivoire",https://images.coinafrique.com/thumb_3838859_uploaded_image1_1661003459.jpg
Chaussures enfant,10 000CFA,"Angré, Abidjan, Côte d'Ivoire",https://images.coinafrique.com/thumb_3836356_uploaded_image1_1660844278.jpg
Chaussures enfants,4 300CFA,"Cocody, Abidjan, Côte d'Ivoire",https://images.coinafrique.com/thumb_3834566_uploaded_image1_1660752784.jpg
Chaussures enfants,4 000CFA,"Abobo, Abidjan, Côte d'Ivoire",https://images.coinafrique.com/thumb_3829175_uploaded_image1_1660422091.jpg
Chaussures  enfant,Prix sur demande,"Abidjan, Côte d'Ivoire",https://images.coinafrique.com/thumb_3828869_uploaded_image1_1660405167.jpg
Chaussures enfants,7 500CFA,"Angré, Abidjan, Côte d'Ivoire",https://images.coinafrique.com/thumb_3817057_uploaded_image1_1659720148.jpg
Chaussures de fille,6 500CFA,"Yopougon, Abidjan, Côte d'Ivoire",https://images.coinafrique.com/thumb_3816410_uploaded_image1_1659699496.jpg
Sandales enfant,Prix sur demande,"Marcory, Abidjan, Côte d'Ivoire",https://images.coinafrique.com/thumb_3812523_uploaded_image1_1659521546.jpg
Sandales fille,6 000CFA,"Yopougon, Abidjan, Côte d'Ivoire",https://images.coinafrique.com/thumb_3803866_uploaded_image1_1659029807.jpg
Chaussures filles,8 000CFA,"Yopougon, Abidjan, Côte d'Ivoire",https://images.coinafrique.com/thumb_3803767_uploaded_image1_1659024793.jpg
Chaussures enfant,8 000CFA,"Yopougon, Abidjan, Côte d'Ivoire",https://images.coinafrique.com/thumb_3803762_uploaded_image1_1659024628.jpg
Chaussures enfants,8 000CFA,"Yopougon, Abidjan, Côte d'Ivoire",https://images.coinafrique.com/thumb_3803742_uploaded_image1_1659024043.jpg
Chaussures enfant,8 000CFA,"Yopougon, Abidjan, Côte d'Ivoire",https://images.coinafrique.com/thumb_3803728_uploaded_image1_1659023604.jpg
Chaussures enfants,8 500CFA,"Yopougon, Abidjan, Côte d'Ivoire",https://images.coinafrique.com/thumb_3803724_uploaded_image1_1659023380.jpg
Chaussures enfant,4 000CFA,"Abobo, Abidjan, Côte d'Ivoire",https://images.coinafrique.com/thumb_3802340_uploaded_image1_1658941352.jpg
Chaussures enfant,50 000CFA,"Yopougon, Abidjan, Côte d'Ivoire",https://images.coinafrique.com/thumb_3788056_uploaded_image1_1658060943.jpg
Chaussures enfants,5 000CFA,"Yopougon, Abidjan, Côte d'Ivoire",https://images.coinafrique.com/thumb_3783199_uploaded_image1_1657721956.jpg
Chaussures enfant,5 000CFA,"Yopougon, Abidjan, Côte d'Ivoire",https://images.coinafrique.com/thumb_3771721_uploaded_image1_1656950924.jpg
Baskets enfant,3 000CFA,"Yopougon, Abidjan, Côte d'Ivoire",https://images.coinafrique.com/thumb_3768544_uploaded_image1_1656772769.jpg
Vans enfant,13 000CFA,"Cocody, Abidjan, Côte d'Ivoire",https://images.coinafrique.com/thumb_3762168_uploaded_image1_1656431845.jpg
Chaussures enfant,9 000CFA,"Abidjan, Côte d'Ivoire",https://images.coinafrique.com/thumb_3723487_uploaded_image1_1654185480.jpg
Baskets enfant,8 000CFA,"Angré, Abidjan, Côte d'Ivoire",https://images.coinafrique.com/thumb_3723424_uploaded_image1_1654184117.jpg
Chaussures enfant,5 000CFA,"Angré, Abidjan, Côte d'Ivoire",https://images.coinafrique.com/thumb_3723398_uploaded_image1_1654183436.jpg
Baskets fille,5 000CFA,"Angré, Abidjan, Côte d'Ivoire",https://images.coinafrique.com/thumb_3719237_uploaded_image1_1654013815.jpg
Baskets enfant,5 000CFA,"Angré, Abidjan, Côte d'Ivoire",https://images.coinafrique.com/thumb_3719232_uploaded_image1_1654013641.jpg
Spartiates enfant,6 000CFA,"Abobo, Abidjan, Côte d'Ivoire",https://images.coinafrique.com/thumb_3715201_uploaded_image1_1653730808.jpg
Chaussures enfant,10 000CFA,"Cocody, Abidjan, Côte d'Ivoire",https://images.coinafrique.com/thumb_3706257_uploaded_image1_1653166292.jpg
Chaussures enfant,12 000CFA,"Cocody, Abidjan, Côte d'Ivoire",https://images.coinafrique.com/thumb_3706249_uploaded_image1_1653166028.jpg
Chaussures  enfants,5 000CFA,"Abidjan, Côte d'Ivoire",https://images.coinafrique.com/thumb_3697976_uploaded_image1_1652699082.jpg
Chaussures de cérémonie,12 000CFA,"Cocody, Abidjan, Côte d'Ivoire",https://images.coinafrique.com/thumb_3625733_uploaded_image1_1648424324.jpg
Chaussures enfants,2 000CFA,"Yamoussoukro, Yamoussoukro, Côte d'Ivoire",https://images.coinafrique.com/thumb_3578586_uploaded_image1_1645553941.jpg
Chaussures enfant,6 000CFA,"Abidjan, Côte d'Ivoire",https://images.coinafrique.com/thumb_3570826_uploaded_image1_1645052937.jpg
Chaussures enfant,3 500CFA,"Yopougon, Abidjan, Côte d'Ivoire",https://images.coinafrique.com/thumb_3557471_uploaded_image1_1644227623.jpg
Chaussures enfants,6 000CFA,"Abidjan, Côte d'Ivoire",https://images.coinafrique.com/thumb_3543205_uploaded_image1_1643394311.jpg
Chaussures enfants,25 000CFA,"Adjamé, Abidjan, Côte d'Ivoire",https://images.coinafrique.com/thumb_3485933_uploaded_image1_1639605795.jpg
Chaussures enfant,9 000CFA,"Abidjan, Côte d'Ivoire",https://images.coinafrique.com/thumb_3512210_uploaded_image1_1641482342.jpg
Chaussures enfants,25 000CFA,"Adjamé, Abidjan, Côte d'Ivoire",https://images.coinafrique.com/thumb_3467254_uploaded_image1_1638563967.jpg
Chaussures enfants,25 000CFA,"Adjamé, Abidjan, Côte d'Ivoire",https://images.coinafrique.com/thumb_3467266_uploaded_image1_1638564385.jpg
Chaussures enfants,25 000CFA,"Adjamé, Abidjan, Côte d'Ivoire",https://images.coinafrique.com/thumb_3467250_uploaded_image1_1638563878.jpg
Chaussures enfant,20 000CFA,"Adjamé, Abidjan, Côte d'Ivoire",https://images.coinafrique.com/thumb_3462931_uploaded_image1_1638391495.jpg
Baskets enfants,18 000CFA,"Adjamé, Abidjan, Côte d'Ivoire",https://images.coinafrique.com/thumb_3489914_uploaded_image1_1639859809.jpg
Baskets enfants,15 000CFA,"Adjamé, Abidjan, Côte d'Ivoire",https://images.coinafrique.com/thumb_3489912_uploaded_image1_1639859577.jpg
Baskets enfants,15 000CFA,"Adjamé, Abidjan, Côte d'Ivoire",https://images.coinafrique.com/thumb_3489910_uploaded_image1_1639859449.jpg
Baskets Nike Air Force enfants,12 000CFA,"Adjamé, Abidjan, Côte d'Ivoire",https://images.coinafrique.com/thumb_3489893_uploaded_image1_1639858593.jpg
Baskets enfants,15 000CFA,"Adjamé, Abidjan, Côte d'Ivoire",https://images.coinafrique.com/thumb_3489882_uploaded_image1_1639858141.jpg
Chaussures  enfant,9 000CFA,"Abidjan, Côte d'Ivoire",https://images.coinafrique.com/thumb_3486462_uploaded_image1_1639651491.jpg
Baskets enfants,10 000CFA,"Cocody, Abidjan, Côte d'Ivoire",https://images.coinafrique.com/thumb_3485700_uploaded_image1_1639593559.jpg
Chaussures Stan Smith,13 000CFA,"Cocody, Abidjan, Côte d'Ivoire",https://images.coinafrique.com/thumb_3485370_uploaded_image1_1639580019.jpg
Chaussures enfants,2 500CFA,"Daoukro, Côte d'Ivoire",https://images.coinafrique.com/thumb_3483842_uploaded_image1_1639496975.jpg
Chaussures  enfant,9 000CFA,"Cocody, Abidjan, Côte d'Ivoire",https://images.coinafrique.com/thumb_3483779_uploaded_image1_1639494441.jpg
Baskets enfant,8 000CFA,"Koumassi, Abidjan, Côte d'Ivoire",https://images.coinafrique.com/thumb_3483538_uploaded_image1_1639488482.jpg
Baskets enfant,10 000CFA,"Koumassi, Abidjan, Côte d'Ivoire",https://images.coinafrique.com/thumb_3483466_uploaded_image1_1639486133.jpg
Chaussures filles,8 000CFA,"Koumassi, Abidjan, Côte d'Ivoire",https://images.coinafrique.com/thumb_3483449_uploaded_image1_1639485799.jpg
Baskets enfant,10 000CFA,"Koumassi, Abidjan, Côte d'Ivoire",https://images.coinafrique.com/thumb_3483436_uploaded_image1_1639485546.jpg
Baskets enfant,8 000CFA,"Koumassi, Abidjan, Côte d'Ivoire",https://images.coinafrique.com/thumb_3483427_uploaded_image1_1639485267.jpg
Baskets enfant,15 000CFA,"Koumassi, Abidjan, Côte d'Ivoire",https://images.coinafrique.com/thumb_3483403_uploaded_image1_1639484710.jpg
Baskets enfant,8 000CFA,"Koumassi, Abidjan, Côte d'Ivoire",https://images.coinafrique.com/thumb_3483393_uploaded_image1_1639484498.jpg
Baskets filles,8 000CFA,"Koumassi, Abidjan, Côte d'Ivoire",https://images.coinafrique.com/thumb_3483385_uploaded_image1_1639484174.jpg
Baskets fille,8 000CFA,"Koumassi, Abidjan, Côte d'Ivoire",https://images.coinafrique.com/thumb_3483375_uploaded_image1_1639483827.jpg
Chaussures enfants,10 000CFA,"Cocody, Abidjan, Côte d'Ivoire",https://images.coinafrique.com/thumb_3474573_uploaded_image1_1638961725.jpg
Chaussures enfant,10 000CFA,"Cocody, Abidjan, Côte d'Ivoire",https://images.coinafrique.com/thumb_3474509_uploaded_image1_1638960107.jpg
Chaussures enfants,10 000CFA,"Cocody, Abidjan, Côte d'Ivoire",https://images.coinafrique.com/thumb_3474487_uploaded_image1_1638959668.jpg
Chaussures enfants,11 000CFA,"Cocody, Abidjan, Côte d'Ivoire",https://images.coinafrique.com/thumb_3473957_uploaded_image1_1638918680.jpg
Chaussures enfants,9 000CFA,"Cocody, Abidjan, Côte d'Ivoire",https://images.coinafrique.com/thumb_3473953_uploaded_image1_1638918541.jpg
Chaussures enfants,Prix sur demande,"Cocody, Abidjan, Côte d'Ivoire",https://images.coinafrique.com/thumb_3473952_uploaded_image1_1638918435.jpg
Chaussures enfants,12 000CFA,"Cocody, Abidjan, Côte d'Ivoire",https://images.coinafrique.com/thumb_3473950_uploaded_image1_1638918332.jpg
Chaussures enfants,11 000CFA,"Cocody, Abidjan, Côte d'Ivoire",https://images.coinafrique.com/thumb_3473948_uploaded_image1_1638918255.jpg
Chaussures enfants,Prix sur demande,"Cocody, Abidjan, Côte d'Ivoire",https://images.coinafrique.com/thumb_3473934_uploaded_image1_1638917607.jpg
Chaussures enfant,6 000CFA,"Koumassi, Abidjan, Côte d'Ivoire",https://images.coinafrique.com/thumb_4290020_uploaded_image2_1689082829.jpeg
Chaussures enfant,12 000CFA,"Koumassi, Abidjan, Côte d'Ivoire",https://images.coinafrique.com/thumb_4290015_uploaded_image2_1689082593.jpeg
Chaussures enfant,14 000CFA,"Koumassi, Abidjan, Côte d'Ivoire",https://images.coinafrique.com/thumb_4290012_uploaded_image2_1689082490.jpeg
Baskets enfant,20 000CFA,"Abidjan, Côte d'Ivoire",https://images.coinafrique.com/thumb_4258596_uploaded_image1_1686896029.jpg
Baskets enfant,25 000CFA,"Abidjan, Côte d'Ivoire",https://images.coinafrique.com/thumb_4258598_uploaded_image1_1686896095.jpg
Chaussures enfant,25 000CFA,"Abidjan, Côte d'Ivoire",https://images.coinafrique.com/thumb_4258600_uploaded_image1_1686896144.jpg
Baskets enfant,20 000CFA,"Abidjan, Côte d'Ivoire",https://images.coinafrique.com/thumb_4258590_uploaded_image1_1686895753.jpg
Baskets enfant,25 000CFA,"Abidjan, Côte d'Ivoire",https://images.coinafrique.com/thumb_4258593_uploaded_image1_1686895853.jpg
Chaussures fille,6 000CFA,"Abidjan, Côte d'Ivoire",https://images.coinafrique.com/thumb_4268867_uploaded_image1_1687597388.jpg
Chaussures enfant,8 000CFA,"Abidjan, Côte d'Ivoire",https://images.coinafrique.com/thumb_4268859_uploaded_image1_1687596974.jpg
Chaussures enfant,10 000CFA,"Cocody, Abidjan, Côte d'Ivoire",https://images.coinafrique.com/thumb_4265059_uploaded_image1_1687359593.jpg
Chaussures enfants,5 000CFA,"Angré, Abidjan, Côte d'Ivoire",https://images.coinafrique.com/thumb_4240201_uploaded_image1_1685716097.jpg
Chaussures enfant,6 000CFA,"Angré, Abidjan, Côte d'Ivoire",https://images.coinafrique.com/thumb_4240197_uploaded_image1_1685715679.jpg
Chaussures Quito enfants,3 500CFA,"Yopougon, Abidjan, Côte d'Ivoire",https://images.coinafrique.com/thumb_4202805_uploaded_image1_1683231031.jpg
Chaussures enfant,2 500CFA,"Yopougon, Abidjan, Côte d'Ivoire",https://images.coinafrique.com/thumb_4201215_uploaded_image1_1683150760.jpg
Chaussures enfant,3 500CFA,"Yopougon, Abidjan, Côte d'Ivoire",https://images.coinafrique.com/thumb_4201214_uploaded_image1_1683150637.jpg
Chaussures enfant,4 500CFA,"Yopougon, Abidjan, Côte d'Ivoire",https://images.coinafrique.com/thumb_4201211_uploaded_image1_1683150532.jpg
Chaussures  enfant,5 000CFA,"Abidjan, Côte d'Ivoire",https://images.coinafrique.com/thumb_4182394_uploaded_image1_1681862046.jpg
Chaussures enfant,5 000CFA,"Abidjan, Côte d'Ivoire",https://images.coinafrique.com/thumb_4181036_uploaded_image1_1681774295.jpg
Chaussures enfants,5 000CFA,"Abidjan, Côte d'Ivoire",https://images.coinafrique.com/thumb_4162099_uploaded_image1_1680601644.jpg
Chaussure  enfants,7 500CFA,"Abidjan, Côte d'Ivoire",https://images.coinafrique.com/thumb_4157032_uploaded_image1_1680301170.jpg
Claquettes Adidas,3 000CFA,"Cocody, Abidjan, Côte d'Ivoire",https://images.coinafrique.com/thumb_4140761_uploaded_image1_1679263141.jpg
Chaussures enfants,5 000CFA,"Adjamé, Abidjan, Côte d'Ivoire",https://images.coinafrique.com/thumb_4060656_uploaded_image1_1674394825.jpg
Chaussures  enfant,5 000CFA,"Adjamé, Abidjan, Côte d'Ivoire",https://images.coinafrique.com/thumb_4060594_uploaded_image1_1674390863.jpg
Chaussures  enfant,5 000CFA,"Adjamé, Abidjan, Côte d'Ivoire",https://images.coinafrique.com/thumb_4060588_uploaded_image2_1674390570.jpeg
Chaussures enfants,10 000CFA,"Abidjan, Côte d'Ivoire",https://images.coinafrique.com/thumb_4022292_uploaded_image1_1671922528.jpg
Chaussures enfants,16 000CFA,"Abidjan, Côte d'Ivoire",https://images.coinafrique.com/thumb_4022259_uploaded_image1_1671920127.jpg
Chaussures enfant,10 000CFA,"Abidjan, Côte d'Ivoire",https://images.coinafrique.com/thumb_4021829_uploaded_image2_1671893658.jpeg
Baskets enfants,12 500CFA,"Koumassi, Abidjan, Côte d'Ivoire",https://images.coinafrique.com/thumb_4017442_uploaded_image1_1671574006.jpg
Chaussures enfant,12 000CFA,"Koumassi, Abidjan, Côte d'Ivoire",https://images.coinafrique.com/thumb_4017246_uploaded_image1_1671566479.jpg
Baskets crêpes bébé,12 000CFA,"Koumassi, Abidjan, Côte d'Ivoire",https://images.coinafrique.com/thumb_4017228_uploaded_image1_1671565740.jpg
Chaussures enfant,10 000CFA,"Abobo, Abidjan, Côte d'Ivoire",https://images.coinafrique.com/thumb_3992117_uploaded_image1_1670084252.jpg
Ballerines  bébé,4 000CFA,"Abobo, Abidjan, Côte d'Ivoire",https://images.coinafrique.com/thumb_3992122_uploaded_image1_1670084414.jpg
Chaussures enfant,4 000CFA,"Abobo, Abidjan, Côte d'Ivoire",https://images.coinafrique.com/thumb_3992105_uploaded_image1_1670083790.jpg
Chaussures enfant,10 000CFA,"Abobo, Abidjan, Côte d'Ivoire",https://images.coinafrique.com/thumb_3992091_uploaded_image1_1670083432.jpg
Chaussures enfant,7 000CFA,"Abobo, Abidjan, Côte d'Ivoire",https://images.coinafrique.com/thumb_3992054_uploaded_image1_1670082209.jpg
Chaussures  enfant,6 000CFA,"Abobo, Abidjan, Côte d'Ivoire",https://images.coinafrique.com/thumb_3992034_uploaded_image1_1670081553.jpg
Chaussures montante  enfant,6 000CFA,"Abobo, Abidjan, Côte d'Ivoire",https://images.coinafrique.com/thumb_3992022_uploaded_image1_1670080916.jpg
Chaussures montante  enfant,6 000CFA,"Abobo, Abidjan, Côte d'Ivoire",https://images.coinafrique.com/thumb_3992019_uploaded_image1_1670080773.jpg
Chaussures enfant,6 000CFA,"Abobo, Abidjan, Côte d'Ivoire",https://images.coinafrique.com/thumb_3992017_uploaded_image2_1670080645.jpeg
Chaussures enfant,15 000CFA,"Abobo, Abidjan, Côte d'Ivoire",https://images.coinafrique.com/thumb_4016556_uploaded_image1_1671543668.jpg
Baskets enfant,17 000CFA,"Cocody, Abidjan, Côte d'Ivoire",https://images.coinafrique.com/thumb_4016105_uploaded_image1_1671530675.jpg
Chaussures enfant,10 000CFA,"Abobo, Abidjan, Côte d'Ivoire",https://images.coinafrique.com/thumb_4013648_uploaded_image1_1671325637.jpg
Chaussures enfants,16 000CFA,"Abidjan, Côte d'Ivoire",https://images.coinafrique.com/thumb_4007361_uploaded_image1_1670955909.jpg
Chaussures enfant,16 000CFA,"Abidjan, Côte d'Ivoire",https://images.coinafrique.com/thumb_4007357_uploaded_image1_1670955837.jpg
Chaussures enfants,5 000CFA,"Abobo, Abidjan, Côte d'Ivoire",https://images.coinafrique.com/thumb_3968678_uploaded_image1_1668669591.jpg
Baskets Spiderman lumineux,15 000CFA,"Koumassi, Abidjan, Côte d'Ivoire",https://images.coinafrique.com/thumb_4006845_uploaded_image1_1670934714.jpg
Tennis enfants,13 000CFA,"Koumassi, Abidjan, Côte d'Ivoire",https://images.coinafrique.com/thumb_4006831_uploaded_image1_1670934410.jpg
Baskets Spiderman enfant,13 000CFA,"Koumassi, Abidjan, Côte d'Ivoire",https://images.coinafrique.com/thumb_4006824_uploaded_image1_1670934275.jpg
Baskets enfant,16 000CFA,"Koumassi, Abidjan, Côte d'Ivoire",https://images.coinafrique.com/thumb_4006815_uploaded_image1_1670934113.jpg
Baskets  enfant,4 000CFA,"Abobo, Abidjan, Côte d'Ivoire",https://images.coinafrique.com/thumb_4006138_uploaded_image1_1670883101.jpg
Chaussures  enfant,11 500CFA,"Cocody, Abidjan, Côte d'Ivoire",https://images.coinafrique.com/thumb_4002358_uploaded_image3_1670627088.jpeg
Chaussures enfants,10 000CFA,"Adjamé, Abidjan, Côte d'Ivoire",https://images.coinafrique.com/thumb_3999767_uploaded_image1_1670503755.jpg
Chaussures lumineuses enfants,5 000CFA,"Marcory, Abidjan, Côte d'Ivoire",https://images.coinafrique.com/thumb_3997135_uploaded_image2_1670359211.jpeg
Chaussures enfants,4 500CFA,"Cocody, Abidjan, Côte d'Ivoire",https://images.coinafrique.com/thumb_3988974_uploaded_image1_1669919970.jpg
Chaussures enfants,13 000CFA,"Angré, Abidjan, Côte d'Ivoire",https://images.coinafrique.com/thumb_3985755_uploaded_image1_1669768483.jpg
Sandales princesse,15 000CFA,"Angré, Abidjan, Côte d'Ivoire",https://images.coinafrique.com/thumb_3985741_uploaded_image2_1669767659.jpeg
Chaussures enfants,15 000CFA,"Treichville, Abidjan, Côte d'Ivoire",https://images.coinafrique.com/thumb_3985402_uploaded_image1_1669747243.jpg
Baskets enfant,12 000CFA,"Abidjan, Côte d'Ivoire",https://images.coinafrique.com/thumb_3985158_uploaded_image2_1669734543.jpeg
Baskets enfant,15 000CFA,"Koumassi, Abidjan, Côte d'Ivoire",https://images.coinafrique.com/thumb_3979937_uploaded_image1_1669380157.jpg
Chaussures enfant,10 000CFA,"Abobo, Abidjan, Côte d'Ivoire",https://images.coinafrique.com/thumb_3979575_uploaded_image1_1669367139.jpg
Chaussures enfants,10 000CFA,"Cocody, Abidjan, Côte d'Ivoire",https://images.coinafrique.com/thumb_3974921_uploaded_image1_1669068453.jpg
Chaussures Tods enfant,10 000CFA,"Cocody, Abidjan, Côte d'Ivoire",https://images.coinafrique.com/thumb_3974920_uploaded_image1_1669068219.jpg
Chaussures  enfants,4 000CFA,"Abobo, Abidjan, Côte d'Ivoire",https://images.coinafrique.com/thumb_3971386_uploaded_image1_1668803342.jpg
Baskets enfant,7 500CFA,"Cocody, Abidjan, Côte d'Ivoire",https://images.coinafrique.com/thumb_3967653_uploaded_image1_1668603249.jpg
Chaussures enfants,12 000CFA,"Cocody, Abidjan, Côte d'Ivoire",https://images.coinafrique.com/thumb_3967637_uploaded_image1_1668603018.jpg
Chaussures Nike enfants,25 000CFA,"Cocody, Abidjan, Côte d'Ivoire",https://images.coinafrique.com/thumb_3967501_uploaded_image1_1668599669.jpg
Chaussures  enfants,25 000CFA,"Cocody, Abidjan, Côte d'Ivoire",https://images.coinafrique.com/thumb_3965302_uploaded_image2_1668468335.jpeg
Chaussures enfants,4 000CFA,"Abobo, Abidjan, Côte d'Ivoire",https://images.coinafrique.com/thumb_3930915_uploaded_image1_1666384673.jpg
Ballerines enfant,3 500CFA,"Abobo, Abidjan, Côte d'Ivoire",https://images.coinafrique.com/thumb_3914099_uploaded_image1_1665410896.jpg
Chaussures Kito fille,5 000CFA,"Abobo, Abidjan, Côte d'Ivoire",https://images.coinafrique.com/thumb_3914080_uploaded_image1_1665410564.jpg
Chaussures  enfant,2 500CFA,"Yopougon, Abidjan, Côte d'Ivoire",https://images.coinafrique.com/thumb_3902225_uploaded_image2_1664709248.jpeg
Baskets enfants,5 000CFA,"Abobo, Abidjan, Côte d'Ivoire",https://images.coinafrique.com/thumb_3894691_uploaded_image1_1664265626.jpg
Chaussures enfant,3 000CFA,"Yopougon, Abidjan, Côte d'Ivoire",https://images.coinafrique.com/thumb_3892479_uploaded_image1_1664112686.jpg
Chaussures enfants,1 500CFA,"Yopougon, Abidjan, Côte d'Ivoire",https://images.coinafrique.com/thumb_3886696_uploaded_image1_1663758440.jpg
Baskets enfants,13 500CFA,"Abidjan, Côte d'Ivoire",https://images.coinafrique.com/thumb_3845611_uploaded_image1_1661387225.jpg
Baskets enfants,13 500CFA,"Abidjan, Côte d'Ivoire",https://images.coinafrique.com/thumb_3845168_uploaded_image1_1661364072.jpg
Chaussures enfants,13 500CFA,"Abidjan, Côte d'Ivoire",https://images.coinafrique.com/thumb_3843291_uploaded_image1_1661273925.jpg
Chaussures enfants,18 000CFA,"Cocody, Abidjan, Côte d'Ivoire",https://images.coinafrique.com/thumb_3841655_uploaded_image1_1661191249.jpg
Chaussures enfant,12 500CFA,"Cocody, Abidjan, Côte d'Ivoire",https://images.coinafrique.com/thumb_3841572_uploaded_image1_1661188224.jpg
Chaussures  enfants,4 000CFA,"Abobo, Abidjan, Côte d'Ivoire",https://images.coinafrique.com/thumb_3882676_uploaded_image1_1663518583.jpg
Chaussures enfants,20 000CFA,"Abidjan, Côte d'Ivoire",https://images.coinafrique.com/thumb_3869268_uploaded_image1_1662646113.jpg
Baskets fille,4 000CFA,"Abobo, Abidjan, Côte d'Ivoire",https://images.coinafrique.com/thumb_3868543_uploaded_image1_1662620915.jpg
Chaussures enfants,4 000CFA,"Abobo, Abidjan, Côte d'Ivoire",https://images.coinafrique.com/thumb_3868539_uploaded_image1_1662620757.jpg
Baskets enfant,10 000CFA,"Yopougon, Abidjan, Côte d'Ivoire",https://images.coinafrique.com/thumb_5655818_uploaded_image1_1764856498.jpg
Chaussures et chaussettes,3 000CFA,"Abidjan, Côte d'Ivoire",https://images.coinafrique.com/thumb_5593606_uploaded_image1_1761641441.jpg
Chaussures enfants,13 000CFA,"Port-Bouet, Abidjan, Côte d'Ivoire",https://images.coinafrique.com/thumb_5512921_uploaded_image1_1757237972.jpg
Chaussures enfants,13 000CFA,"Port-Bouet, Abidjan, Côte d'Ivoire",https://images.coinafrique.com/thumb_5512920_uploaded_image1_1757237873.jpg
Chaussures enfants pointure 38,7 000CFA,"Yopougon, Abidjan, Côte d'Ivoire",https://images.coinafrique.com/thumb_5512917_uploaded_image1_1757237765.jpg
Chaussures enfants,30 000CFA,"Abobo, Abidjan, Côte d'Ivoire",https://images.coinafrique.com/thumb_5512479_uploaded_image1_1757192185.jpg
Baskets Nike,13 500CFA,"Cocody, Abidjan, Côte d'Ivoire",https://images.coinafrique.com/thumb_5461051_uploaded_image1_1754429051.jpg
Chaussures crocs,5 000CFA,"Marcory, Abidjan, Côte d'Ivoire",https://images.coinafrique.com/thumb_5364198_uploaded_image1_1749302277.jpg
Chaussures enfants,10 000CFA,"Yopougon, Abidjan, Côte d'Ivoire",https://images.coinafrique.com/thumb_5273601_uploaded_image3_1744200371.jpeg
Chaussures Kito,3 000CFA,"Yopougon, Abidjan, Côte d'Ivoire",https://images.coinafrique.com/thumb_5257322_uploaded_image1_1743348903.jpg
Chaussures enfant,4 500CFA,"Abidjan, Côte d'Ivoire",https://images.coinafrique.com/thumb_5251471_uploaded_image1_1742986723.jpg
Chaussures  enfant,8 000CFA,"Angré, Abidjan, Côte d'Ivoire",https://images.coinafrique.com/thumb_5241916_uploaded_image1_1742476098.jpg
Chaussures enfant,7 000CFA,"Abidjan, Côte d'Ivoire",https://images.coinafrique.com/thumb_5228565_uploaded_image1_1741788138.jpg
Chaussures enfant,8 500CFA,"Abidjan, Côte d'Ivoire",https://images.coinafrique.com/thumb_5228558_uploaded_image1_1741787971.jpg
Chaussures enfant,8 500CFA,"Abidjan, Côte d'Ivoire",https://images.coinafrique.com/thumb_5228522_uploaded_image1_1741786899.jpg
Chaussures enfant,13 000CFA,"Angré, Abidjan, Côte d'Ivoire",https://images.coinafrique.com/thumb_5228195_uploaded_image1_1741776369.jpg
Baskets  Timberland enfant,20 000CFA,"Cocody, Abidjan, Côte d'Ivoire",https://images.coinafrique.com/thumb_5122986_uploaded_image1_1736241905.jpg
Chaussures enfant,5 500CFA,"Abidjan, Côte d'Ivoire",https://images.coinafrique.com/thumb_5146427_uploaded_image1_1737495793.jpg
Adidas campus pour enfants,20 000CFA,"Cocody, Abidjan, Côte d'Ivoire",https://images.coinafrique.com/thumb_5093690_uploaded_image1_1734340180.jpg
Ballerines  enfants,2 000CFA,"Bouaké, Côte d'Ivoire",https://images.coinafrique.com/thumb_5128983_uploaded_image1_1736527415.jpg
Chaussures enfant Nike Jordan 3,15 000CFA,"Abidjan, Côte d'Ivoire",https://images.coinafrique.com/thumb_5124552_uploaded_image1_1736323294.jpg
Chaussures enfant Nike Jordan 6,15 000CFA,"Abidjan, Côte d'Ivoire",https://images.coinafrique.com/thumb_5124555_uploaded_image1_1736323476.jpg
Chaussures enfant Adidas campus,15 000CFA,"Abidjan, Côte d'Ivoire",https://images.coinafrique.com/thumb_5124549_uploaded_image1_1736323154.jpg
Chaussures enfants Air jordan 3,15 000CFA,"Abidjan, Côte d'Ivoire",https://images.coinafrique.com/thumb_5126208_uploaded_image1_1736382319.jpg
Chaussures enfants Air jordan 3,15 000CFA,"Abidjan, Côte d'Ivoire",https://images.coinafrique.com/thumb_5126204_uploaded_image1_1736382198.jpg
Chaussures enfants Air jordan 3,15 000CFA,"Abidjan, Côte d'Ivoire",https://images.coinafrique.com/thumb_5126203_uploaded_image1_1736382151.jpg
Chaussures enfant Air Jordan,15 000CFA,"Abidjan, Côte d'Ivoire",https://images.coinafrique.com/thumb_5126201_uploaded_image1_1736382095.jpg
Chaussures enfants Air jordan 3,15 000CFA,"Abidjan, Côte d'Ivoire",https://images.coinafrique.com/thumb_5126200_uploaded_image1_1736382042.jpg
Chaussures Adidas enfants,15 000CFA,"Abidjan, Côte d'Ivoire",https://images.coinafrique.com/thumb_5126198_uploaded_image1_1736381908.jpg
Chaussure Lacoste pour enfant,15 000CFA,"Cocody, Abidjan, Côte d'Ivoire",https://images.coinafrique.com/thumb_5081055_uploaded_image1_1733587313.jpg
Chaussures Lacoste pour enfant,15 000CFA,"Cocody, Abidjan, Côte d'Ivoire",https://images.coinafrique.com/thumb_5081052_uploaded_image1_1733587255.jpg
Chaussures enfant,17 000CFA,"Cocody, Abidjan, Côte d'Ivoire",https://images.coinafrique.com/thumb_5070564_uploaded_image1_1733088049.jpg
Baskets Jordan 11 pour enfant,17 000CFA,"Cocody, Abidjan, Côte d'Ivoire",https://images.coinafrique.com/thumb_5060898_uploaded_image1_1732545221.jpg
Chaussures Adidas campus,15 000CFA,"Cocody, Abidjan, Côte d'Ivoire",https://images.coinafrique.com/thumb_5060890_uploaded_image1_1732545067.jpg
Baskets Jordan 6 pour enfant,18 000CFA,"Cocody, Abidjan, Côte d'Ivoire",https://images.coinafrique.com/thumb_5060885_uploaded_image1_1732544892.jpg
Chaussures pour enfant,15 000CFA,"Angré, Abidjan, Côte d'Ivoire",https://images.coinafrique.com/thumb_5101113_uploaded_image1_1734717625.jpg
Chaussures enfant,15 000CFA,"Yopougon, Abidjan, Côte d'Ivoire",https://images.coinafrique.com/thumb_5016761_uploaded_image1_1730224229.jpg
T shirts arbre de noël,3 000CFA,"Yopougon, Abidjan, Côte d'Ivoire",https://images.coinafrique.com/thumb_5038604_uploaded_image1_1731345750.jpg
Baskets Jordan pour enfant,14 000CFA,"Adjamé, Abidjan, Côte d'Ivoire",https://images.coinafrique.com/thumb_5060345_uploaded_image1_1732526010.jpg
Chaussures enfant garçon,8 000CFA,"Abobo, Abidjan, Côte d'Ivoire",https://images.coinafrique.com/thumb_5037609_uploaded_image1_1731314467.jpg
Chaussures enfant,8 500CFA,"Abobo, Abidjan, Côte d'Ivoire",https://images.coinafrique.com/thumb_5037606_uploaded_image1_1731314357.jpg
Chaussures enfants,12 000CFA,"Abobo, Abidjan, Côte d'Ivoire",https://images.coinafrique.com/thumb_5037600_uploaded_image1_1731314169.jpg
Chaussures enfants,10 000CFA,"Abidjan, Côte d'Ivoire",https://images.coinafrique.com/thumb_5024654_uploaded_image1_1730644034.jpg
Bottines treillis 32,7 000CFA,"Abidjan, Côte d'Ivoire",https://images.coinafrique.com/thumb_4994220_uploaded_image1_1728966936.jpg
Chaussures enfant,12 000CFA,"Abidjan, Côte d'Ivoire",https://images.coinafrique.com/thumb_4987364_uploaded_image1_1728582448.jpg
Chaussures enfant,12 500CFA,"Abidjan, Côte d'Ivoire",https://images.coinafrique.com/thumb_4987361_uploaded_image1_1728582349.jpg
Chaussures enfant,7 000CFA,"Abidjan, Côte d'Ivoire",https://images.coinafrique.com/thumb_4987355_uploaded_image1_1728582028.jpg
Chaussures enfant,8 000CFA,"Abidjan, Côte d'Ivoire",https://images.coinafrique.com/thumb_4987348_uploaded_image1_1728581817.jpg
Baskets enfant,25 000CFA,"Cocody, Abidjan, Côte d'Ivoire",https://images.coinafrique.com/thumb_4948638_uploaded_image1_1726587976.jpg
Chaussure enfants de 25 à 30,10 000CFA,"Abidjan, Côte d'Ivoire",https://images.coinafrique.com/thumb_4982912_uploaded_image1_1728392678.jpg
chaussures enfants,4 000CFA,"Yopougon, Abidjan, Côte d'Ivoire",https://images.coinafrique.com/thumb_4968268_uploaded_image1_1727693659.jpg
Chaussures enfant,8 500CFA,"Cocody, Abidjan, Côte d'Ivoire",https://images.coinafrique.com/thumb_4890022_uploaded_image1_1723464166.jpg
Chaussons 16 à 21,3 500CFA,"Abidjan, Côte d'Ivoire",https://images.coinafrique.com/thumb_4841238_uploaded_image1_1720873074.jpg
Baskets enfant,10 000CFA,"Abidjan, Côte d'Ivoire",https://images.coinafrique.com/thumb_4838552_uploaded_image1_1720716682.jpg
Chaussures enfants,10 000CFA,"Abidjan, Côte d'Ivoire",https://images.coinafrique.com/thumb_4835005_uploaded_image1_1720559405.jpg
Sandales fille,1 500CFA,"Abidjan, Côte d'Ivoire",https://images.coinafrique.com/thumb_4871621_uploaded_image1_1722522798.jpg
Chaussures enfant,14 000CFA,"Abidjan, Côte d'Ivoire",https://images.coinafrique.com/thumb_4851317_uploaded_image1_1721408509.jpg
Chaussures Adidas pour enfant,15 000CFA,"Cocody, Abidjan, Côte d'Ivoire",https://images.coinafrique.com/thumb_4745843_uploaded_image1_1715810050.jpg
Sandale pour enfants,15 000CFA,"Cocody, Abidjan, Côte d'Ivoire",https://images.coinafrique.com/thumb_4745841_uploaded_image1_1715809985.jpg
Chaussures Nike,15 000CFA,"Cocody, Abidjan, Côte d'Ivoire",https://images.coinafrique.com/thumb_4745834_uploaded_image1_1715809621.jpg
Chaussures Nike Dunk pour enfant,15 000CFA,"Cocody, Abidjan, Côte d'Ivoire",https://images.coinafrique.com/thumb_4710247_uploaded_image1_1714036426.jpg
Chaussures New Balance,16 000CFA,"Cocody, Abidjan, Côte d'Ivoire",https://images.coinafrique.com/thumb_4710233_uploaded_image1_1714036057.jpg
Chaussures Nike enfant,15 000CFA,"Cocody, Abidjan, Côte d'Ivoire",https://images.coinafrique.com/thumb_4710225_uploaded_image1_1714035899.jpg
Vêtement enfant,20 000CFA,"Abidjan, Côte d'Ivoire",https://images.coinafrique.com/thumb_4741430_uploaded_image1_1715616419.jpg
Baskets Jordan enfant,15 000CFA,"Cocody, Abidjan, Côte d'Ivoire",https://images.coinafrique.com/thumb_4576638_uploaded_image1_1706968853.jpg
Baskets Yeezy,25 000CFA,"Abidjan, Côte d'Ivoire",https://images.coinafrique.com/thumb_4461944_uploaded_image1_1700231478.jpg
Chaussures enfant,10 000CFA,"Yopougon, Abidjan, Côte d'Ivoire",https://images.coinafrique.com/thumb_4488965_uploaded_image1_1701943601.jpg
Chaussures enfants,10 000CFA,"Yopougon, Abidjan, Côte d'Ivoire",https://images.coinafrique.com/thumb_4487812_uploaded_image1_1701872655.jpg
Chaussures enfant,10 000CFA,"Angré, Abidjan, Côte d'Ivoire",https://images.coinafrique.com/thumb_4477782_uploaded_image1_1701290456.jpg
Chaussures enfant,10 000CFA,"Angré, Abidjan, Côte d'Ivoire",https://images.coinafrique.com/thumb_4477779_uploaded_image3_1701290314.jpeg
Chaussures enfant,5 000CFA,"Angré, Abidjan, Côte d'Ivoire",https://images.coinafrique.com/thumb_4456615_uploaded_image1_1699904402.jpg
Chaussures Kito,5 000CFA,"Yopougon, Abidjan, Côte d'Ivoire",https://images.coinafrique.com/thumb_4412454_uploaded_image1_1697027077.jpg
Basket pour enfant,Prix sur demande,"Le plateau, Abidjan, Côte d'Ivoire",https://images.coinafrique.com/thumb_4393920_uploaded_image1_1695897211.jpg
Sandales pour enfant,Prix sur demande,"Angré, Abidjan, Côte d'Ivoire",https://images.coinafrique.com/thumb_4393919_uploaded_image1_1695897110.jpg
Baskets enfant,Prix sur demande,"Marcory, Abidjan, Côte d'Ivoire",https://images.coinafrique.com/thumb_4393916_uploaded_image1_1695896997.jpg
Ballerine,Prix sur demande,"Abidjan, Côte d'Ivoire",https://images.coinafrique.com/thumb_4393915_uploaded_image1_1695896890.jpg
Baskets enfant,25 000CFA,"Abidjan, Côte d'Ivoire",https://images.coinafrique.com/thumb_4359130_uploaded_image1_1693578756.jpg
Baskets enfant,25 000CFA,"Abidjan, Côte d'Ivoire",https://images.coinafrique.com/thumb_4359133_uploaded_image1_1693578853.jpg
Baskets enfant,25 000CFA,"Abidjan, Côte d'Ivoire",https://images.coinafrique.com/thumb_4359131_uploaded_image1_1693578813.jpg
Chaussures enfant,10 000CFA,"Abidjan, Côte d'Ivoire",https://images.coinafrique.com/thumb_4380469_uploaded_image1_1694969202.jpg
Chaussures enfant,15 000CFA,"Le Plateau, Abidjan, Côte d'Ivoire",https://images.coinafrique.com/thumb_4367215_uploaded_image1_1694101294.jpg
Chaussures enfant,8 000CFA,"Yopougon, Abidjan, Côte d'Ivoire",https://images.coinafrique.com/thumb_4308129_uploaded_image1_1690308910.jpg
Chaussures enfant,5 500CFA,"Abidjan, Côte d'Ivoire",https://images.coinafrique.com/thumb_4303005_uploaded_image1_1689937181.jpg
Chaussures enfant,14 000CFA,"Koumassi, Abidjan, Côte d'Ivoire",https://images.coinafrique.com/thumb_4290023_uploaded_image2_1689082909.jpeg
